"","Domain","Elevation","Year","Pop","Pop2","Indv","Weight","SVL","n","Temperature"
"1","Green",123,2017,"GNBII_II","GNBII17_II","GNBII_1",2.93,32.2,"Temp1",22.5
"2","Green",122,2017,"GNBII_II","GNBII17_II","GNBII_2",0.53,18.2,"Temp1",20
"3","Green",125,2017,"GNBII_II","GNBII17_II","GNBII_3",2.18,27.2,"Temp1",18.3
"4","Green",125,2017,"GNBII_II","GNBII17_II","GNBII_4",2.19,27.4,"Temp1",19.4
"5","Green",125,2017,"GNBII_II","GNBII17_II","GNBII_5",2.38,29.4,"Temp1",22.3
"6","Green",125,2017,"GNBII_II","GNBII17_II","GNBII_6",1.33,25.2,"Temp1",21.4
"7","Green",125,2017,"GNBII_II","GNBII17_II","GNBII_7",2.04,27.4,"Temp1",20
"8","Green",251,2017,"GNBII","GNBII17","GNB_1",1.55,26.9,"Temp1",23.2
"9","Green",264,2017,"GNBII","GNBII17","GNB_2",1.22,25.4,"Temp1",20.4
"10","Green",242,2017,"GNBII","GNBII17","GNB_3",1.88,27.7,"Temp1",21
"11","Green",250,2017,"GNBII","GNBII17","GNB_4",1.24,23.9,"Temp1",20
"12","Green",242,2017,"GNBII","GNBII17","GNB_5",2,28.4,"Temp1",20.9
"13","Green",263,2017,"GNBII","GNBII17","GNB_6",1.36,24.7,"Temp1",21.8
"14","Green",247,2017,"GNBII","GNBII17","GNB_7",1.43,26.2,"Temp1",20.4
"15","Green",230,2017,"GNBII","GNBII17","GNB_8",2.45,28.2,"Temp1",20.1
"16","Green",247,2017,"GNBII","GNBII17","GNB_9",0.67,19.5,"Temp1",22.4
"17","Green",247,2017,"GNBII","GNBII17","GNB_10",1.59,26.1,"Temp1",20.1
"18","Green",293,2017,"SatMor","SatMor17","SatMor_1",1.33,24,"Temp1",22.6
"19","Green",310,2017,"SatMor","SatMor17","SatMor_2",0.97,20.9,"Temp1",21.5
"20","Green",316,2017,"SatMor","SatMor17","SatMor_3",0.98,23.1,"Temp1",16.5
"21","Green",314,2017,"SatMor","SatMor17","SatMor_4",1.02,23.3,"Temp1",21.9
"22","Green",317,2017,"SatMor","SatMor17","SatMor_5",0.89,21.2,"Temp1",21.6
"23","Green",312,2017,"SatMor","SatMor17","SatMor_6",1.28,22.4,"Temp1",21.9
"24","Green",312,2017,"SatMor","SatMor17","SatMor_7",0.86,22.5,"Temp1",18
"25","Green",305,2017,"SatMor","SatMor17","SatMor_8",1.17,22.1,"Temp1",21.8
"26","Green",307,2017,"SatMor","SatMor17","SatMor_9",1.29,24.3,"Temp1",24.5
"27","Green",307,2017,"SatMor","SatMor17","SatMor_10",1.22,23,"Temp1",22.7
"28","Green",717,2017,"NvaLib","NvaLib17","NvaLib_1",1.34,25.83,"Temp1",20
"29","Green",721,2017,"NvaLib","NvaLib17","NvaLib_2",1.4,23.63,"Temp1",20.2
"30","Green",721,2017,"NvaLib","NvaLib17","NvaLib_3",1.06,24.31,"Temp1",19.6
"31","Green",713,2017,"NvaLib","NvaLib17","NvaLib_4",1.6,27.18,"Temp1",22.9
"32","Green",718,2017,"NvaLib","NvaLib17","NvaLib_5",NA,NA,"Temp1",NA
"33","Green",713,2017,"NvaLib","NvaLib17","NvaLib_6",1.46,25.38,"Temp1",19.4
"34","Green",688,2017,"NvaLib","NvaLib17","NvaLib_7",1.75,27.03,"Temp1",21.5
"35","Green",727,2017,"NvaLib","NvaLib17","NvaLib_8",1.58,24.54,"Temp1",22.5
"36","Green",727,2017,"NvaLib","NvaLib17","NvaLib_9",1.62,26.6,"Temp1",20.6
"37","Green",747,2017,"NvaLib","NvaLib17","NvaLib_10",1.1,23.99,"Temp1",24
"38","Green",721,2017,"NvaLib","NvaLib17","NvaLib_11",1.28,24.74,"Temp1",26.5
"39","Orange",921,2017,"PlanLib","PlanLib17","PlanLib_1",0.91,22.5,"Temp1",19.2
"40","Orange",928,2017,"PlanLib","PlanLib17","PlanLib_2",1,23.6,"Temp1",19.2
"41","Orange",868,2017,"PlanLib","PlanLib17","PlanLib_3",1.15,22.4,"Temp1",16.9
"42","Orange",794,2017,"PlanLib","PlanLib17","PlanLib_4",1.17,24.5,"Temp1",19.1
"43","Orange",922,2017,"PlanLib","PlanLib17","PlanLib_5",1.2,24.9,"Temp1",24.3
"44","Orange",868,2017,"PlanLib","PlanLib17","PlanLib_6",1.29,24.7,"Temp1",19.7
"45","Orange",927,2017,"PlanLib","PlanLib17","PlanLib_7",1.3,24.2,"Temp1",19
"46","Orange",922,2017,"PlanLib","PlanLib17","PlanLib_8",1.31,23.1,"Temp1",22.5
"47","Orange",916,2017,"PlanLib","PlanLib17","PlanLib_9",1.39,24.5,"Temp1",19
"48","Orange",909,2017,"PlanLib","PlanLib17","PlanLib_10",1.39,24.4,"Temp1",22
"49","Orange",922,2017,"PlanLib","PlanLib17","PlanLib_11",1.67,26.6,"Temp1",18.3
"50","Orange",924,2017,"PlanLib","PlanLib17","PlanLib_12",4.1,34.6,"Temp1",20.2
"51","Orange",1083,2017,"ArrNeg","ArrNeg17","ArrNeg_1",0.82,17.4,"Temp1",24
"52","Orange",1093,2017,"ArrNeg","ArrNeg17","ArrNeg_2",3.23,31.5,"Temp1",21
"53","Orange",1083,2017,"ArrNeg","ArrNeg17","ArrNeg_3",1.26,23.6,"Temp1",22.2
"54","Orange",1093,2017,"ArrNeg","ArrNeg17","ArrNeg_4",1.42,25.8,"Temp1",21.5
"55","Orange",1009,2017,"ArrNeg","ArrNeg17","ArrNeg_5",1.14,22.6,"Temp1",22.3
"56","Orange",1075,2017,"ArrNeg","ArrNeg17","ArrNeg_6",1.25,22.7,"Temp1",23.7
"57","Orange",1076,2017,"ArrNeg","ArrNeg17","ArrNeg_7",1.17,23.5,"Temp1",22.7
"58","Yellow",1256,2017,"CINLib","CINLib17","CINvLib1",0.45,17.2,"Temp1",24.9
"59","Yellow",1262,2017,"CINLib","CINLib17","CINvLib2",1.45,25.2,"Temp1",24.8
"60","Yellow",1194,2017,"CINLib","CINLib17","CINvLib3",1.5,26.3,"Temp1",25
"61","Yellow",1048,2017,"CINLib","CINLib17","CINvLib4",1.56,24.5,"Temp1",24.1
"62","Yellow",1227,2017,"CINLib","CINLib17","CINvLib5",1.66,24.5,"Temp1",24.2
"63","Yellow",1030,2017,"CINLib","CINLib17","CINvLib6",1.71,26.1,"Temp1",24.2
"64","Yellow",1150,2017,"CINLib","CINLib17","CINvLib7",2.17,27.5,"Temp1",24.2
"65","Yellow",1151,2017,"CINLib","CINLib17","CINvLib8",3.17,33.7,"Temp1",25.4
"66","Yellow",1227,2017,"CINLib","CINLib17","CINvLib9",3.72,35.3,"Temp1",23.6
"67","Yellow",1150,2017,"CINLib","CINLib17","CINvLib10",3.79,34.3,"Temp1",24.3
"68","Yellow",1150,2017,"CINLib","CINLib17","CINvLib11",4.1,37.8,"Temp1",24.8
"69","Yellow",1168,2017,"CINLib","CINLib17","CINvLib12",4.34,39.2,"Temp1",25.5
"70","Yellow",1162,2017,"NBI","NBI17","NBravo_1",1.16,23.5,"Temp1",17
"71","Yellow",1142,2017,"NBI","NBI17","NBravo_2",1.86,25.6,"Temp1",17.2
"72","Yellow",1181,2017,"NBI","NBI17","NBravo_3",0.97,21.5,"Temp1",18.9
"73","Yellow",1184,2017,"NBI","NBI17","NBravo_4",0.82,20.8,"Temp1",19.6
"74","Yellow",1186,2017,"NBI","NBI17","NBravo_5",0.26,14.4,"Temp1",16.8
"75","Yellow",1169,2017,"NBI","NBI17","NBravo_6",0.18,11.9,"Temp1",NA
"76","Yellow",1181,2017,"NBI","NBI17","NBravo_7",0.82,21.7,"Temp1",19.6
"77","Yellow",1162,2017,"NBI","NBI17","NBravo_8",0.36,16.6,"Temp1",21.6
"78","Yellow",1136,2017,"NBI","NBI17","NBravo_9",0.3,13.4,"Temp1",17.9
"79","Yellow",1116,2017,"NBI","NBI17","NBravo_10",0.33,15.4,"Temp1",19.3
"80","Yellow",1300,2017,"LaLoma","LaLoma17","LaLom_1",1.53,26.28,"Temp1",22.1
"81","Yellow",1304,2017,"LaLoma","LaLoma17","LaLom_2",1.35,24.34,"Temp1",22.5
"82","Yellow",1304,2017,"LaLoma","LaLoma17","LaLom_3",1.24,23.4,"Temp1",23
"83","Yellow",1304,2017,"LaLoma","LaLoma17","LaLom_4",1.25,23.78,"Temp1",23.9
"84","Yellow",1300,2017,"LaLoma","LaLoma17","LaLom_5",1.39,25.48,"Temp1",22.5
"85","Yellow",1309,2017,"LaLoma","LaLoma17","LaLom_6",1.54,27.16,"Temp1",NA
"86","Yellow",1300,2017,"LaLoma","LaLoma17","LaLom_7",1.35,25.37,"Temp1",24.5
"87","Yellow",1310,2017,"LaLoma","LaLoma17","LaLom_8",1.63,27,"Temp1",24.4
"88","Yellow",1305,2017,"LaLoma","LaLoma17","LaLom_9",1.6,26.94,"Temp1",22.2
"89","Yellow",1296,2017,"LaLoma","LaLoma17","LaLom_10",1.52,25.37,"Temp1",21.9
"90","Red",1509,2017,"RLFlor","RLFlor17","RLaFlor_1",0.42,16.9,"Temp1",24.6
"91","Red",1508,2017,"RLFlor","RLFlor17","RLaFlor_2",0.43,17,"Temp1",24.9
"92","Red",1509,2017,"RLFlor","RLFlor17","RLaFlor_3",0.46,17,"Temp1",22.7
"93","Red",1508,2017,"RLFlor","RLFlor17","RLaFlor_4",0.53,17.4,"Temp1",24.6
"94","Red",1508,2017,"RLFlor","RLFlor17","RLaFlor_5",0.62,19.5,"Temp1",23.3
"95","Red",1512,2017,"RLFlor","RLFlor17","RLaFlor_6",0.66,19.7,"Temp1",21.6
"96","Red",1516,2017,"RLFlor","RLFlor17","RLaFlor_7",0.71,21.9,"Temp1",23.3
"97","Red",1519,2017,"RLFlor","RLFlor17","RLaFlor_8",1.13,23.8,"Temp1",23.6
"98","Red",1520,2017,"RLFlor","RLFlor17","RLaFlor_9",1.41,25.4,"Temp1",25.8
"99","Red",1520,2017,"RLFlor","RLFlor17","RLaFlor_10",1.71,26.5,"Temp1",23.5
"100","Blue",2083,2017,"AmpLag","AmpLag17","Amp_Lag1",1.23,21,"Temp1",22.9
"101","Blue",2115,2017,"AmpLag","AmpLag17","Amp_Lag2",1.63,17,"Temp1",22.5
"102","Blue",2083,2017,"AmpLag","AmpLag17","Amp_Lag3",0.7,19.1,"Temp1",24.9
"103","Blue",2122,2017,"AmpLag","AmpLag17","Amp_Lag4",1.94,25.6,"Temp1",27.5
"104","Blue",2082,2017,"AmpLag","AmpLag17","Amp_Lag5",0.67,17.6,"Temp1",23.8
"105","Blue",2082,2017,"AmpLag","AmpLag17","Amp_Lag6",0.75,18.7,"Temp1",25.7
"106","Blue",2103,2017,"AmpLag","AmpLag17","Amp_Lag7",1.7,25.3,"Temp1",23.7
"107","Blue",2126,2017,"AmpLag","AmpLag17","Amp_Lag8",1.89,26.5,"Temp1",25.8
"108","Blue",2115,2017,"AmpLag","AmpLag17","Amp_Lag9",1.37,22.9,"Temp1",27.2
"109","Blue",2125,2017,"AmpLag","AmpLag17","Amp_Lag10",0.67,18.9,"Temp1",25.5
"110","Blue",2131,2017,"AmpLag","AmpLag17","Amp_Lag11",0.54,17.4,"Temp1",26.2
"111","Blue",2130,2017,"AmpLag","AmpLag17","Amp_Lag12",1.66,26,"Temp1",28.9
"112","Green",123,2017,"GNBII_II","GNBII17_II","GNBII_1",2.93,32.2,"Temp2",21.3
"113","Green",122,2017,"GNBII_II","GNBII17_II","GNBII_2",0.53,18.2,"Temp2",21
"114","Green",125,2017,"GNBII_II","GNBII17_II","GNBII_3",2.18,27.2,"Temp2",19
"115","Green",125,2017,"GNBII_II","GNBII17_II","GNBII_4",2.19,27.4,"Temp2",22.3
"116","Green",125,2017,"GNBII_II","GNBII17_II","GNBII_5",2.38,29.4,"Temp2",19
"117","Green",125,2017,"GNBII_II","GNBII17_II","GNBII_6",1.33,25.2,"Temp2",20.5
"118","Green",125,2017,"GNBII_II","GNBII17_II","GNBII_7",2.04,27.4,"Temp2",22.5
"119","Green",251,2017,"GNBII","GNBII17","GNB_1",1.55,26.9,"Temp2",20.1
"120","Green",264,2017,"GNBII","GNBII17","GNB_2",1.22,25.4,"Temp2",21
"121","Green",242,2017,"GNBII","GNBII17","GNB_3",1.88,27.7,"Temp2",21.6
"122","Green",250,2017,"GNBII","GNBII17","GNB_4",1.24,23.9,"Temp2",20.2
"123","Green",242,2017,"GNBII","GNBII17","GNB_5",2,28.4,"Temp2",20
"124","Green",263,2017,"GNBII","GNBII17","GNB_6",1.36,24.7,"Temp2",20.2
"125","Green",247,2017,"GNBII","GNBII17","GNB_7",1.43,26.2,"Temp2",20.3
"126","Green",230,2017,"GNBII","GNBII17","GNB_8",2.45,28.2,"Temp2",20.8
"127","Green",247,2017,"GNBII","GNBII17","GNB_9",0.67,19.5,"Temp2",25
"128","Green",247,2017,"GNBII","GNBII17","GNB_10",1.59,26.1,"Temp2",21.2
"129","Green",293,2017,"SatMor","SatMor17","SatMor_1",1.33,24,"Temp2",24.2
"130","Green",310,2017,"SatMor","SatMor17","SatMor_2",0.97,20.9,"Temp2",23.5
"131","Green",316,2017,"SatMor","SatMor17","SatMor_3",0.98,23.1,"Temp2",24.3
"132","Green",314,2017,"SatMor","SatMor17","SatMor_4",1.02,23.3,"Temp2",23
"133","Green",317,2017,"SatMor","SatMor17","SatMor_5",0.89,21.2,"Temp2",23.7
"134","Green",312,2017,"SatMor","SatMor17","SatMor_6",1.28,22.4,"Temp2",21.9
"135","Green",312,2017,"SatMor","SatMor17","SatMor_7",0.86,22.5,"Temp2",19.8
"136","Green",305,2017,"SatMor","SatMor17","SatMor_8",1.17,22.1,"Temp2",21.8
"137","Green",307,2017,"SatMor","SatMor17","SatMor_9",1.29,24.3,"Temp2",22.7
"138","Green",307,2017,"SatMor","SatMor17","SatMor_10",1.22,23,"Temp2",25.8
"139","Green",717,2017,"NvaLib","NvaLib17","NvaLib_1",1.34,25.83,"Temp2",18.1
"140","Green",721,2017,"NvaLib","NvaLib17","NvaLib_2",1.4,23.63,"Temp2",20.3
"141","Green",721,2017,"NvaLib","NvaLib17","NvaLib_3",1.06,24.31,"Temp2",22.6
"142","Green",713,2017,"NvaLib","NvaLib17","NvaLib_4",1.6,27.18,"Temp2",20.4
"143","Green",718,2017,"NvaLib","NvaLib17","NvaLib_5",NA,NA,"Temp2",20.5
"144","Green",713,2017,"NvaLib","NvaLib17","NvaLib_6",1.46,25.38,"Temp2",21.6
"145","Green",688,2017,"NvaLib","NvaLib17","NvaLib_7",1.75,27.03,"Temp2",21.8
"146","Green",727,2017,"NvaLib","NvaLib17","NvaLib_8",1.58,24.54,"Temp2",23.6
"147","Green",727,2017,"NvaLib","NvaLib17","NvaLib_9",1.62,26.6,"Temp2",26.6
"148","Green",747,2017,"NvaLib","NvaLib17","NvaLib_10",1.1,23.99,"Temp2",22.5
"149","Green",721,2017,"NvaLib","NvaLib17","NvaLib_11",1.28,24.74,"Temp2",17.1
"150","Orange",921,2017,"PlanLib","PlanLib17","PlanLib_1",0.91,22.5,"Temp2",19.7
"151","Orange",928,2017,"PlanLib","PlanLib17","PlanLib_2",1,23.6,"Temp2",21.3
"152","Orange",868,2017,"PlanLib","PlanLib17","PlanLib_3",1.15,22.4,"Temp2",23.3
"153","Orange",794,2017,"PlanLib","PlanLib17","PlanLib_4",1.17,24.5,"Temp2",23.2
"154","Orange",922,2017,"PlanLib","PlanLib17","PlanLib_5",1.2,24.9,"Temp2",24.8
"155","Orange",868,2017,"PlanLib","PlanLib17","PlanLib_6",1.29,24.7,"Temp2",19.6
"156","Orange",927,2017,"PlanLib","PlanLib17","PlanLib_7",1.3,24.2,"Temp2",19.9
"157","Orange",922,2017,"PlanLib","PlanLib17","PlanLib_8",1.31,23.1,"Temp2",21.8
"158","Orange",916,2017,"PlanLib","PlanLib17","PlanLib_9",1.39,24.5,"Temp2",22.8
"159","Orange",909,2017,"PlanLib","PlanLib17","PlanLib_10",1.39,24.4,"Temp2",24
"160","Orange",922,2017,"PlanLib","PlanLib17","PlanLib_11",1.67,26.6,"Temp2",19.6
"161","Orange",924,2017,"PlanLib","PlanLib17","PlanLib_12",4.1,34.6,"Temp2",22.1
"162","Orange",1083,2017,"ArrNeg","ArrNeg17","ArrNeg_1",0.82,17.4,"Temp2",22.7
"163","Orange",1093,2017,"ArrNeg","ArrNeg17","ArrNeg_2",3.23,31.5,"Temp2",20.5
"164","Orange",1083,2017,"ArrNeg","ArrNeg17","ArrNeg_3",1.26,23.6,"Temp2",22.8
"165","Orange",1093,2017,"ArrNeg","ArrNeg17","ArrNeg_4",1.42,25.8,"Temp2",21.9
"166","Orange",1009,2017,"ArrNeg","ArrNeg17","ArrNeg_5",1.14,22.6,"Temp2",22.3
"167","Orange",1075,2017,"ArrNeg","ArrNeg17","ArrNeg_6",1.25,22.7,"Temp2",17.1
"168","Orange",1076,2017,"ArrNeg","ArrNeg17","ArrNeg_7",1.17,23.5,"Temp2",21.6
"169","Yellow",1256,2017,"CINLib","CINLib17","CINvLib1",0.45,17.2,"Temp2",NA
"170","Yellow",1262,2017,"CINLib","CINLib17","CINvLib2",1.45,25.2,"Temp2",25
"171","Yellow",1194,2017,"CINLib","CINLib17","CINvLib3",1.5,26.3,"Temp2",24.8
"172","Yellow",1048,2017,"CINLib","CINLib17","CINvLib4",1.56,24.5,"Temp2",25
"173","Yellow",1227,2017,"CINLib","CINLib17","CINvLib5",1.66,24.5,"Temp2",23.1
"174","Yellow",1030,2017,"CINLib","CINLib17","CINvLib6",1.71,26.1,"Temp2",22.9
"175","Yellow",1150,2017,"CINLib","CINLib17","CINvLib7",2.17,27.5,"Temp2",23.3
"176","Yellow",1151,2017,"CINLib","CINLib17","CINvLib8",3.17,33.7,"Temp2",23.5
"177","Yellow",1227,2017,"CINLib","CINLib17","CINvLib9",3.72,35.3,"Temp2",23.4
"178","Yellow",1150,2017,"CINLib","CINLib17","CINvLib10",3.79,34.3,"Temp2",24.8
"179","Yellow",1150,2017,"CINLib","CINLib17","CINvLib11",4.1,37.8,"Temp2",24.4
"180","Yellow",1168,2017,"CINLib","CINLib17","CINvLib12",4.34,39.2,"Temp2",24.7
"181","Yellow",1162,2017,"NBI","NBI17","NBravo_1",1.16,23.5,"Temp2",19.5
"182","Yellow",1142,2017,"NBI","NBI17","NBravo_2",1.86,25.6,"Temp2",20.9
"183","Yellow",1181,2017,"NBI","NBI17","NBravo_3",0.97,21.5,"Temp2",18.2
"184","Yellow",1184,2017,"NBI","NBI17","NBravo_4",0.82,20.8,"Temp2",18.6
"185","Yellow",1186,2017,"NBI","NBI17","NBravo_5",0.26,14.4,"Temp2",20
"186","Yellow",1169,2017,"NBI","NBI17","NBravo_6",0.18,11.9,"Temp2",18.6
"187","Yellow",1181,2017,"NBI","NBI17","NBravo_7",0.82,21.7,"Temp2",19.5
"188","Yellow",1162,2017,"NBI","NBI17","NBravo_8",0.36,16.6,"Temp2",20.4
"189","Yellow",1136,2017,"NBI","NBI17","NBravo_9",0.3,13.4,"Temp2",21.3
"190","Yellow",1116,2017,"NBI","NBI17","NBravo_10",0.33,15.4,"Temp2",19.9
"191","Yellow",1300,2017,"LaLoma","LaLoma17","LaLom_1",1.53,26.28,"Temp2",23.1
"192","Yellow",1304,2017,"LaLoma","LaLoma17","LaLom_2",1.35,24.34,"Temp2",22.8
"193","Yellow",1304,2017,"LaLoma","LaLoma17","LaLom_3",1.24,23.4,"Temp2",22.7
"194","Yellow",1304,2017,"LaLoma","LaLoma17","LaLom_4",1.25,23.78,"Temp2",23.8
"195","Yellow",1300,2017,"LaLoma","LaLoma17","LaLom_5",1.39,25.48,"Temp2",23.7
"196","Yellow",1309,2017,"LaLoma","LaLoma17","LaLom_6",1.54,27.16,"Temp2",22.4
"197","Yellow",1300,2017,"LaLoma","LaLoma17","LaLom_7",1.35,25.37,"Temp2",24
"198","Yellow",1310,2017,"LaLoma","LaLoma17","LaLom_8",1.63,27,"Temp2",23.3
"199","Yellow",1305,2017,"LaLoma","LaLoma17","LaLom_9",1.6,26.94,"Temp2",21.6
"200","Yellow",1296,2017,"LaLoma","LaLoma17","LaLom_10",1.52,25.37,"Temp2",22.8
"201","Red",1509,2017,"RLFlor","RLFlor17","RLaFlor_1",0.42,16.9,"Temp2",23.1
"202","Red",1508,2017,"RLFlor","RLFlor17","RLaFlor_2",0.43,17,"Temp2",22.2
"203","Red",1509,2017,"RLFlor","RLFlor17","RLaFlor_3",0.46,17,"Temp2",19.9
"204","Red",1508,2017,"RLFlor","RLFlor17","RLaFlor_4",0.53,17.4,"Temp2",23.6
"205","Red",1508,2017,"RLFlor","RLFlor17","RLaFlor_5",0.62,19.5,"Temp2",23.2
"206","Red",1512,2017,"RLFlor","RLFlor17","RLaFlor_6",0.66,19.7,"Temp2",26.7
"207","Red",1516,2017,"RLFlor","RLFlor17","RLaFlor_7",0.71,21.9,"Temp2",24.1
"208","Red",1519,2017,"RLFlor","RLFlor17","RLaFlor_8",1.13,23.8,"Temp2",22
"209","Red",1520,2017,"RLFlor","RLFlor17","RLaFlor_9",1.41,25.4,"Temp2",25.5
"210","Red",1520,2017,"RLFlor","RLFlor17","RLaFlor_10",1.71,26.5,"Temp2",24.7
"211","Blue",2083,2017,"AmpLag","AmpLag17","Amp_Lag1",1.23,21,"Temp2",24.8
"212","Blue",2115,2017,"AmpLag","AmpLag17","Amp_Lag2",1.63,17,"Temp2",26.6
"213","Blue",2083,2017,"AmpLag","AmpLag17","Amp_Lag3",0.7,19.1,"Temp2",24.8
"214","Blue",2122,2017,"AmpLag","AmpLag17","Amp_Lag4",1.94,25.6,"Temp2",26.8
"215","Blue",2082,2017,"AmpLag","AmpLag17","Amp_Lag5",0.67,17.6,"Temp2",26.3
"216","Blue",2082,2017,"AmpLag","AmpLag17","Amp_Lag6",0.75,18.7,"Temp2",25.8
"217","Blue",2103,2017,"AmpLag","AmpLag17","Amp_Lag7",1.7,25.3,"Temp2",25.3
"218","Blue",2126,2017,"AmpLag","AmpLag17","Amp_Lag8",1.89,26.5,"Temp2",25.3
"219","Blue",2115,2017,"AmpLag","AmpLag17","Amp_Lag9",1.37,22.9,"Temp2",24.7
"220","Blue",2125,2017,"AmpLag","AmpLag17","Amp_Lag10",0.67,18.9,"Temp2",25.6
"221","Blue",2131,2017,"AmpLag","AmpLag17","Amp_Lag11",0.54,17.4,"Temp2",18.2
"222","Blue",2130,2017,"AmpLag","AmpLag17","Amp_Lag12",1.66,26,"Temp2",18.2
"223","Green",123,2017,"GNBII_II","GNBII17_II","GNBII_1",2.93,32.2,"Temp3",21.1
"224","Green",122,2017,"GNBII_II","GNBII17_II","GNBII_2",0.53,18.2,"Temp3",22.5
"225","Green",125,2017,"GNBII_II","GNBII17_II","GNBII_3",2.18,27.2,"Temp3",22.3
"226","Green",125,2017,"GNBII_II","GNBII17_II","GNBII_4",2.19,27.4,"Temp3",18.2
"227","Green",125,2017,"GNBII_II","GNBII17_II","GNBII_5",2.38,29.4,"Temp3",17
"228","Green",125,2017,"GNBII_II","GNBII17_II","GNBII_6",1.33,25.2,"Temp3",18
"229","Green",125,2017,"GNBII_II","GNBII17_II","GNBII_7",2.04,27.4,"Temp3",21.5
"230","Green",251,2017,"GNBII","GNBII17","GNB_1",1.55,26.9,"Temp3",22.9
"231","Green",264,2017,"GNBII","GNBII17","GNB_2",1.22,25.4,"Temp3",20.5
"232","Green",242,2017,"GNBII","GNBII17","GNB_3",1.88,27.7,"Temp3",19.9
"233","Green",250,2017,"GNBII","GNBII17","GNB_4",1.24,23.9,"Temp3",22.1
"234","Green",242,2017,"GNBII","GNBII17","GNB_5",2,28.4,"Temp3",20.3
"235","Green",263,2017,"GNBII","GNBII17","GNB_6",1.36,24.7,"Temp3",20.5
"236","Green",247,2017,"GNBII","GNBII17","GNB_7",1.43,26.2,"Temp3",20.8
"237","Green",230,2017,"GNBII","GNBII17","GNB_8",2.45,28.2,"Temp3",21.4
"238","Green",247,2017,"GNBII","GNBII17","GNB_9",0.67,19.5,"Temp3",22.1
"239","Green",247,2017,"GNBII","GNBII17","GNB_10",1.59,26.1,"Temp3",21.3
"240","Green",293,2017,"SatMor","SatMor17","SatMor_1",1.33,24,"Temp3",21.9
"241","Green",310,2017,"SatMor","SatMor17","SatMor_2",0.97,20.9,"Temp3",22.9
"242","Green",316,2017,"SatMor","SatMor17","SatMor_3",0.98,23.1,"Temp3",21.9
"243","Green",314,2017,"SatMor","SatMor17","SatMor_4",1.02,23.3,"Temp3",20.9
"244","Green",317,2017,"SatMor","SatMor17","SatMor_5",0.89,21.2,"Temp3",23
"245","Green",312,2017,"SatMor","SatMor17","SatMor_6",1.28,22.4,"Temp3",21.8
"246","Green",312,2017,"SatMor","SatMor17","SatMor_7",0.86,22.5,"Temp3",22.4
"247","Green",305,2017,"SatMor","SatMor17","SatMor_8",1.17,22.1,"Temp3",23.8
"248","Green",307,2017,"SatMor","SatMor17","SatMor_9",1.29,24.3,"Temp3",20.8
"249","Green",307,2017,"SatMor","SatMor17","SatMor_10",1.22,23,"Temp3",24
"250","Green",717,2017,"NvaLib","NvaLib17","NvaLib_1",1.34,25.83,"Temp3",18.6
"251","Green",721,2017,"NvaLib","NvaLib17","NvaLib_2",1.4,23.63,"Temp3",20.6
"252","Green",721,2017,"NvaLib","NvaLib17","NvaLib_3",1.06,24.31,"Temp3",18.2
"253","Green",713,2017,"NvaLib","NvaLib17","NvaLib_4",1.6,27.18,"Temp3",22.1
"254","Green",718,2017,"NvaLib","NvaLib17","NvaLib_5",NA,NA,"Temp3",22.5
"255","Green",713,2017,"NvaLib","NvaLib17","NvaLib_6",1.46,25.38,"Temp3",21
"256","Green",688,2017,"NvaLib","NvaLib17","NvaLib_7",1.75,27.03,"Temp3",22.5
"257","Green",727,2017,"NvaLib","NvaLib17","NvaLib_8",1.58,24.54,"Temp3",21.3
"258","Green",727,2017,"NvaLib","NvaLib17","NvaLib_9",1.62,26.6,"Temp3",22.7
"259","Green",747,2017,"NvaLib","NvaLib17","NvaLib_10",1.1,23.99,"Temp3",20.9
"260","Green",721,2017,"NvaLib","NvaLib17","NvaLib_11",1.28,24.74,"Temp3",24.1
"261","Orange",921,2017,"PlanLib","PlanLib17","PlanLib_1",0.91,22.5,"Temp3",19.8
"262","Orange",928,2017,"PlanLib","PlanLib17","PlanLib_2",1,23.6,"Temp3",21.4
"263","Orange",868,2017,"PlanLib","PlanLib17","PlanLib_3",1.15,22.4,"Temp3",25
"264","Orange",794,2017,"PlanLib","PlanLib17","PlanLib_4",1.17,24.5,"Temp3",21.5
"265","Orange",922,2017,"PlanLib","PlanLib17","PlanLib_5",1.2,24.9,"Temp3",20
"266","Orange",868,2017,"PlanLib","PlanLib17","PlanLib_6",1.29,24.7,"Temp3",22.6
"267","Orange",927,2017,"PlanLib","PlanLib17","PlanLib_7",1.3,24.2,"Temp3",21.5
"268","Orange",922,2017,"PlanLib","PlanLib17","PlanLib_8",1.31,23.1,"Temp3",22.5
"269","Orange",916,2017,"PlanLib","PlanLib17","PlanLib_9",1.39,24.5,"Temp3",19.5
"270","Orange",909,2017,"PlanLib","PlanLib17","PlanLib_10",1.39,24.4,"Temp3",20
"271","Orange",922,2017,"PlanLib","PlanLib17","PlanLib_11",1.67,26.6,"Temp3",18.8
"272","Orange",924,2017,"PlanLib","PlanLib17","PlanLib_12",4.1,34.6,"Temp3",23.7
"273","Orange",1083,2017,"ArrNeg","ArrNeg17","ArrNeg_1",0.82,17.4,"Temp3",23.2
"274","Orange",1093,2017,"ArrNeg","ArrNeg17","ArrNeg_2",3.23,31.5,"Temp3",21.5
"275","Orange",1083,2017,"ArrNeg","ArrNeg17","ArrNeg_3",1.26,23.6,"Temp3",20.2
"276","Orange",1093,2017,"ArrNeg","ArrNeg17","ArrNeg_4",1.42,25.8,"Temp3",20.7
"277","Orange",1009,2017,"ArrNeg","ArrNeg17","ArrNeg_5",1.14,22.6,"Temp3",21
"278","Orange",1075,2017,"ArrNeg","ArrNeg17","ArrNeg_6",1.25,22.7,"Temp3",21.6
"279","Orange",1076,2017,"ArrNeg","ArrNeg17","ArrNeg_7",1.17,23.5,"Temp3",20.8
"280","Yellow",1256,2017,"CINLib","CINLib17","CINvLib1",0.45,17.2,"Temp3",NA
"281","Yellow",1262,2017,"CINLib","CINLib17","CINvLib2",1.45,25.2,"Temp3",22.5
"282","Yellow",1194,2017,"CINLib","CINLib17","CINvLib3",1.5,26.3,"Temp3",24.7
"283","Yellow",1048,2017,"CINLib","CINLib17","CINvLib4",1.56,24.5,"Temp3",25.1
"284","Yellow",1227,2017,"CINLib","CINLib17","CINvLib5",1.66,24.5,"Temp3",24.6
"285","Yellow",1030,2017,"CINLib","CINLib17","CINvLib6",1.71,26.1,"Temp3",24.6
"286","Yellow",1150,2017,"CINLib","CINLib17","CINvLib7",2.17,27.5,"Temp3",24.6
"287","Yellow",1151,2017,"CINLib","CINLib17","CINvLib8",3.17,33.7,"Temp3",25.3
"288","Yellow",1227,2017,"CINLib","CINLib17","CINvLib9",3.72,35.3,"Temp3",23.5
"289","Yellow",1150,2017,"CINLib","CINLib17","CINvLib10",3.79,34.3,"Temp3",23.5
"290","Yellow",1150,2017,"CINLib","CINLib17","CINvLib11",4.1,37.8,"Temp3",24.2
"291","Yellow",1168,2017,"CINLib","CINLib17","CINvLib12",4.34,39.2,"Temp3",24
"292","Yellow",1162,2017,"NBI","NBI17","NBravo_1",1.16,23.5,"Temp3",18
"293","Yellow",1142,2017,"NBI","NBI17","NBravo_2",1.86,25.6,"Temp3",19.1
"294","Yellow",1181,2017,"NBI","NBI17","NBravo_3",0.97,21.5,"Temp3",18.9
"295","Yellow",1184,2017,"NBI","NBI17","NBravo_4",0.82,20.8,"Temp3",18.7
"296","Yellow",1186,2017,"NBI","NBI17","NBravo_5",0.26,14.4,"Temp3",18.8
"297","Yellow",1169,2017,"NBI","NBI17","NBravo_6",0.18,11.9,"Temp3",18.9
"298","Yellow",1181,2017,"NBI","NBI17","NBravo_7",0.82,21.7,"Temp3",18.1
"299","Yellow",1162,2017,"NBI","NBI17","NBravo_8",0.36,16.6,"Temp3",17.6
"300","Yellow",1136,2017,"NBI","NBI17","NBravo_9",0.3,13.4,"Temp3",15.6
"301","Yellow",1116,2017,"NBI","NBI17","NBravo_10",0.33,15.4,"Temp3",18.5
"302","Yellow",1300,2017,"LaLoma","LaLoma17","LaLom_1",1.53,26.28,"Temp3",21.5
"303","Yellow",1304,2017,"LaLoma","LaLoma17","LaLom_2",1.35,24.34,"Temp3",20.6
"304","Yellow",1304,2017,"LaLoma","LaLoma17","LaLom_3",1.24,23.4,"Temp3",23.2
"305","Yellow",1304,2017,"LaLoma","LaLoma17","LaLom_4",1.25,23.78,"Temp3",23.5
"306","Yellow",1300,2017,"LaLoma","LaLoma17","LaLom_5",1.39,25.48,"Temp3",23.5
"307","Yellow",1309,2017,"LaLoma","LaLoma17","LaLom_6",1.54,27.16,"Temp3",23.5
"308","Yellow",1300,2017,"LaLoma","LaLoma17","LaLom_7",1.35,25.37,"Temp3",22.6
"309","Yellow",1310,2017,"LaLoma","LaLoma17","LaLom_8",1.63,27,"Temp3",17
"310","Yellow",1305,2017,"LaLoma","LaLoma17","LaLom_9",1.6,26.94,"Temp3",23.1
"311","Yellow",1296,2017,"LaLoma","LaLoma17","LaLom_10",1.52,25.37,"Temp3",22.5
"312","Red",1509,2017,"RLFlor","RLFlor17","RLaFlor_1",0.42,16.9,"Temp3",24.9
"313","Red",1508,2017,"RLFlor","RLFlor17","RLaFlor_2",0.43,17,"Temp3",24.6
"314","Red",1509,2017,"RLFlor","RLFlor17","RLaFlor_3",0.46,17,"Temp3",24.3
"315","Red",1508,2017,"RLFlor","RLFlor17","RLaFlor_4",0.53,17.4,"Temp3",21.7
"316","Red",1508,2017,"RLFlor","RLFlor17","RLaFlor_5",0.62,19.5,"Temp3",25.1
"317","Red",1512,2017,"RLFlor","RLFlor17","RLaFlor_6",0.66,19.7,"Temp3",22.8
"318","Red",1516,2017,"RLFlor","RLFlor17","RLaFlor_7",0.71,21.9,"Temp3",22.8
"319","Red",1519,2017,"RLFlor","RLFlor17","RLaFlor_8",1.13,23.8,"Temp3",20.6
"320","Red",1520,2017,"RLFlor","RLFlor17","RLaFlor_9",1.41,25.4,"Temp3",20.5
"321","Red",1520,2017,"RLFlor","RLFlor17","RLaFlor_10",1.71,26.5,"Temp3",26.5
"322","Blue",2083,2017,"AmpLag","AmpLag17","Amp_Lag1",1.23,21,"Temp3",22.7
"323","Blue",2115,2017,"AmpLag","AmpLag17","Amp_Lag2",1.63,17,"Temp3",26.3
"324","Blue",2083,2017,"AmpLag","AmpLag17","Amp_Lag3",0.7,19.1,"Temp3",24.8
"325","Blue",2122,2017,"AmpLag","AmpLag17","Amp_Lag4",1.94,25.6,"Temp3",23.5
"326","Blue",2082,2017,"AmpLag","AmpLag17","Amp_Lag5",0.67,17.6,"Temp3",26
"327","Blue",2082,2017,"AmpLag","AmpLag17","Amp_Lag6",0.75,18.7,"Temp3",26
"328","Blue",2103,2017,"AmpLag","AmpLag17","Amp_Lag7",1.7,25.3,"Temp3",25.8
"329","Blue",2126,2017,"AmpLag","AmpLag17","Amp_Lag8",1.89,26.5,"Temp3",25.4
"330","Blue",2115,2017,"AmpLag","AmpLag17","Amp_Lag9",1.37,22.9,"Temp3",25.7
"331","Blue",2125,2017,"AmpLag","AmpLag17","Amp_Lag10",0.67,18.9,"Temp3",25.7
"332","Blue",2131,2017,"AmpLag","AmpLag17","Amp_Lag11",0.54,17.4,"Temp3",29.3
"333","Blue",2130,2017,"AmpLag","AmpLag17","Amp_Lag12",1.66,26,"Temp3",27.3
"334","Green",123,2017,"GNBII_II","GNBII17_II","GNBII_1",2.93,32.2,"Temp4",24.3
"335","Green",122,2017,"GNBII_II","GNBII17_II","GNBII_2",0.53,18.2,"Temp4",20
"336","Green",125,2017,"GNBII_II","GNBII17_II","GNBII_3",2.18,27.2,"Temp4",20.3
"337","Green",125,2017,"GNBII_II","GNBII17_II","GNBII_4",2.19,27.4,"Temp4",20.6
"338","Green",125,2017,"GNBII_II","GNBII17_II","GNBII_5",2.38,29.4,"Temp4",21.4
"339","Green",125,2017,"GNBII_II","GNBII17_II","GNBII_6",1.33,25.2,"Temp4",18
"340","Green",125,2017,"GNBII_II","GNBII17_II","GNBII_7",2.04,27.4,"Temp4",19.5
"341","Green",251,2017,"GNBII","GNBII17","GNB_1",1.55,26.9,"Temp4",21.2
"342","Green",264,2017,"GNBII","GNBII17","GNB_2",1.22,25.4,"Temp4",20.4
"343","Green",242,2017,"GNBII","GNBII17","GNB_3",1.88,27.7,"Temp4",20.2
"344","Green",250,2017,"GNBII","GNBII17","GNB_4",1.24,23.9,"Temp4",20.7
"345","Green",242,2017,"GNBII","GNBII17","GNB_5",2,28.4,"Temp4",19.9
"346","Green",263,2017,"GNBII","GNBII17","GNB_6",1.36,24.7,"Temp4",20.6
"347","Green",247,2017,"GNBII","GNBII17","GNB_7",1.43,26.2,"Temp4",20.3
"348","Green",230,2017,"GNBII","GNBII17","GNB_8",2.45,28.2,"Temp4",21.2
"349","Green",247,2017,"GNBII","GNBII17","GNB_9",0.67,19.5,"Temp4",23.8
"350","Green",247,2017,"GNBII","GNBII17","GNB_10",1.59,26.1,"Temp4",20.3
"351","Green",293,2017,"SatMor","SatMor17","SatMor_1",1.33,24,"Temp4",19.7
"352","Green",310,2017,"SatMor","SatMor17","SatMor_2",0.97,20.9,"Temp4",20.5
"353","Green",316,2017,"SatMor","SatMor17","SatMor_3",0.98,23.1,"Temp4",20.3
"354","Green",314,2017,"SatMor","SatMor17","SatMor_4",1.02,23.3,"Temp4",22.6
"355","Green",317,2017,"SatMor","SatMor17","SatMor_5",0.89,21.2,"Temp4",21.8
"356","Green",312,2017,"SatMor","SatMor17","SatMor_6",1.28,22.4,"Temp4",21.9
"357","Green",312,2017,"SatMor","SatMor17","SatMor_7",0.86,22.5,"Temp4",22.2
"358","Green",305,2017,"SatMor","SatMor17","SatMor_8",1.17,22.1,"Temp4",21.2
"359","Green",307,2017,"SatMor","SatMor17","SatMor_9",1.29,24.3,"Temp4",20.2
"360","Green",307,2017,"SatMor","SatMor17","SatMor_10",1.22,23,"Temp4",24
"361","Green",717,2017,"NvaLib","NvaLib17","NvaLib_1",1.34,25.83,"Temp4",21.3
"362","Green",721,2017,"NvaLib","NvaLib17","NvaLib_2",1.4,23.63,"Temp4",18.5
"363","Green",721,2017,"NvaLib","NvaLib17","NvaLib_3",1.06,24.31,"Temp4",18.4
"364","Green",713,2017,"NvaLib","NvaLib17","NvaLib_4",1.6,27.18,"Temp4",20.6
"365","Green",718,2017,"NvaLib","NvaLib17","NvaLib_5",NA,NA,"Temp4",22.3
"366","Green",713,2017,"NvaLib","NvaLib17","NvaLib_6",1.46,25.38,"Temp4",21
"367","Green",688,2017,"NvaLib","NvaLib17","NvaLib_7",1.75,27.03,"Temp4",22.9
"368","Green",727,2017,"NvaLib","NvaLib17","NvaLib_8",1.58,24.54,"Temp4",20.3
"369","Green",727,2017,"NvaLib","NvaLib17","NvaLib_9",1.62,26.6,"Temp4",NA
"370","Green",747,2017,"NvaLib","NvaLib17","NvaLib_10",1.1,23.99,"Temp4",21.9
"371","Green",721,2017,"NvaLib","NvaLib17","NvaLib_11",1.28,24.74,"Temp4",26.6
"372","Orange",921,2017,"PlanLib","PlanLib17","PlanLib_1",0.91,22.5,"Temp4",21.5
"373","Orange",928,2017,"PlanLib","PlanLib17","PlanLib_2",1,23.6,"Temp4",22.9
"374","Orange",868,2017,"PlanLib","PlanLib17","PlanLib_3",1.15,22.4,"Temp4",20.3
"375","Orange",794,2017,"PlanLib","PlanLib17","PlanLib_4",1.17,24.5,"Temp4",23
"376","Orange",922,2017,"PlanLib","PlanLib17","PlanLib_5",1.2,24.9,"Temp4",19
"377","Orange",868,2017,"PlanLib","PlanLib17","PlanLib_6",1.29,24.7,"Temp4",19.8
"378","Orange",927,2017,"PlanLib","PlanLib17","PlanLib_7",1.3,24.2,"Temp4",19.5
"379","Orange",922,2017,"PlanLib","PlanLib17","PlanLib_8",1.31,23.1,"Temp4",23.6
"380","Orange",916,2017,"PlanLib","PlanLib17","PlanLib_9",1.39,24.5,"Temp4",23.3
"381","Orange",909,2017,"PlanLib","PlanLib17","PlanLib_10",1.39,24.4,"Temp4",20.5
"382","Orange",922,2017,"PlanLib","PlanLib17","PlanLib_11",1.67,26.6,"Temp4",20
"383","Orange",924,2017,"PlanLib","PlanLib17","PlanLib_12",4.1,34.6,"Temp4",21.6
"384","Orange",1083,2017,"ArrNeg","ArrNeg17","ArrNeg_1",0.82,17.4,"Temp4",NA
"385","Orange",1093,2017,"ArrNeg","ArrNeg17","ArrNeg_2",3.23,31.5,"Temp4",NA
"386","Orange",1083,2017,"ArrNeg","ArrNeg17","ArrNeg_3",1.26,23.6,"Temp4",NA
"387","Orange",1093,2017,"ArrNeg","ArrNeg17","ArrNeg_4",1.42,25.8,"Temp4",NA
"388","Orange",1009,2017,"ArrNeg","ArrNeg17","ArrNeg_5",1.14,22.6,"Temp4",NA
"389","Orange",1075,2017,"ArrNeg","ArrNeg17","ArrNeg_6",1.25,22.7,"Temp4",NA
"390","Orange",1076,2017,"ArrNeg","ArrNeg17","ArrNeg_7",1.17,23.5,"Temp4",NA
"391","Yellow",1256,2017,"CINLib","CINLib17","CINvLib1",0.45,17.2,"Temp4",19.6
"392","Yellow",1262,2017,"CINLib","CINLib17","CINvLib2",1.45,25.2,"Temp4",23.5
"393","Yellow",1194,2017,"CINLib","CINLib17","CINvLib3",1.5,26.3,"Temp4",22.2
"394","Yellow",1048,2017,"CINLib","CINLib17","CINvLib4",1.56,24.5,"Temp4",23.5
"395","Yellow",1227,2017,"CINLib","CINLib17","CINvLib5",1.66,24.5,"Temp4",23.3
"396","Yellow",1030,2017,"CINLib","CINLib17","CINvLib6",1.71,26.1,"Temp4",23.3
"397","Yellow",1150,2017,"CINLib","CINLib17","CINvLib7",2.17,27.5,"Temp4",23.6
"398","Yellow",1151,2017,"CINLib","CINLib17","CINvLib8",3.17,33.7,"Temp4",25
"399","Yellow",1227,2017,"CINLib","CINLib17","CINvLib9",3.72,35.3,"Temp4",24.1
"400","Yellow",1150,2017,"CINLib","CINLib17","CINvLib10",3.79,34.3,"Temp4",24.4
"401","Yellow",1150,2017,"CINLib","CINLib17","CINvLib11",4.1,37.8,"Temp4",24.8
"402","Yellow",1168,2017,"CINLib","CINLib17","CINvLib12",4.34,39.2,"Temp4",23.5
"403","Yellow",1162,2017,"NBI","NBI17","NBravo_1",1.16,23.5,"Temp4",18.4
"404","Yellow",1142,2017,"NBI","NBI17","NBravo_2",1.86,25.6,"Temp4",21.6
"405","Yellow",1181,2017,"NBI","NBI17","NBravo_3",0.97,21.5,"Temp4",NA
"406","Yellow",1184,2017,"NBI","NBI17","NBravo_4",0.82,20.8,"Temp4",19.2
"407","Yellow",1186,2017,"NBI","NBI17","NBravo_5",0.26,14.4,"Temp4",19.1
"408","Yellow",1169,2017,"NBI","NBI17","NBravo_6",0.18,11.9,"Temp4",18
"409","Yellow",1181,2017,"NBI","NBI17","NBravo_7",0.82,21.7,"Temp4",19.8
"410","Yellow",1162,2017,"NBI","NBI17","NBravo_8",0.36,16.6,"Temp4",19.5
"411","Yellow",1136,2017,"NBI","NBI17","NBravo_9",0.3,13.4,"Temp4",19.6
"412","Yellow",1116,2017,"NBI","NBI17","NBravo_10",0.33,15.4,"Temp4",19.3
"413","Yellow",1300,2017,"LaLoma","LaLoma17","LaLom_1",1.53,26.28,"Temp4",20.9
"414","Yellow",1304,2017,"LaLoma","LaLoma17","LaLom_2",1.35,24.34,"Temp4",22.7
"415","Yellow",1304,2017,"LaLoma","LaLoma17","LaLom_3",1.24,23.4,"Temp4",24.5
"416","Yellow",1304,2017,"LaLoma","LaLoma17","LaLom_4",1.25,23.78,"Temp4",23
"417","Yellow",1300,2017,"LaLoma","LaLoma17","LaLom_5",1.39,25.48,"Temp4",23
"418","Yellow",1309,2017,"LaLoma","LaLoma17","LaLom_6",1.54,27.16,"Temp4",22.7
"419","Yellow",1300,2017,"LaLoma","LaLoma17","LaLom_7",1.35,25.37,"Temp4",23.3
"420","Yellow",1310,2017,"LaLoma","LaLoma17","LaLom_8",1.63,27,"Temp4",20.1
"421","Yellow",1305,2017,"LaLoma","LaLoma17","LaLom_9",1.6,26.94,"Temp4",23.1
"422","Yellow",1296,2017,"LaLoma","LaLoma17","LaLom_10",1.52,25.37,"Temp4",22.8
"423","Red",1509,2017,"RLFlor","RLFlor17","RLaFlor_1",0.42,16.9,"Temp4",23.6
"424","Red",1508,2017,"RLFlor","RLFlor17","RLaFlor_2",0.43,17,"Temp4",25.6
"425","Red",1509,2017,"RLFlor","RLFlor17","RLaFlor_3",0.46,17,"Temp4",NA
"426","Red",1508,2017,"RLFlor","RLFlor17","RLaFlor_4",0.53,17.4,"Temp4",22.6
"427","Red",1508,2017,"RLFlor","RLFlor17","RLaFlor_5",0.62,19.5,"Temp4",22.5
"428","Red",1512,2017,"RLFlor","RLFlor17","RLaFlor_6",0.66,19.7,"Temp4",19.2
"429","Red",1516,2017,"RLFlor","RLFlor17","RLaFlor_7",0.71,21.9,"Temp4",22.9
"430","Red",1519,2017,"RLFlor","RLFlor17","RLaFlor_8",1.13,23.8,"Temp4",18.6
"431","Red",1520,2017,"RLFlor","RLFlor17","RLaFlor_9",1.41,25.4,"Temp4",22.6
"432","Red",1520,2017,"RLFlor","RLFlor17","RLaFlor_10",1.71,26.5,"Temp4",21.7
"433","Blue",2083,2017,"AmpLag","AmpLag17","Amp_Lag1",1.23,21,"Temp4",24.2
"434","Blue",2115,2017,"AmpLag","AmpLag17","Amp_Lag2",1.63,17,"Temp4",24.9
"435","Blue",2083,2017,"AmpLag","AmpLag17","Amp_Lag3",0.7,19.1,"Temp4",24
"436","Blue",2122,2017,"AmpLag","AmpLag17","Amp_Lag4",1.94,25.6,"Temp4",23.3
"437","Blue",2082,2017,"AmpLag","AmpLag17","Amp_Lag5",0.67,17.6,"Temp4",25.2
"438","Blue",2082,2017,"AmpLag","AmpLag17","Amp_Lag6",0.75,18.7,"Temp4",24
"439","Blue",2103,2017,"AmpLag","AmpLag17","Amp_Lag7",1.7,25.3,"Temp4",24.8
"440","Blue",2126,2017,"AmpLag","AmpLag17","Amp_Lag8",1.89,26.5,"Temp4",19.2
"441","Blue",2115,2017,"AmpLag","AmpLag17","Amp_Lag9",1.37,22.9,"Temp4",24
"442","Blue",2125,2017,"AmpLag","AmpLag17","Amp_Lag10",0.67,18.9,"Temp4",24.6
"443","Blue",2131,2017,"AmpLag","AmpLag17","Amp_Lag11",0.54,17.4,"Temp4",24.2
"444","Blue",2130,2017,"AmpLag","AmpLag17","Amp_Lag12",1.66,26,"Temp4",27.3
"445","Green",123,2017,"GNBII_II","GNBII17_II","GNBII_1",2.93,32.2,"Temp5",20.7
"446","Green",122,2017,"GNBII_II","GNBII17_II","GNBII_2",0.53,18.2,"Temp5",21.3
"447","Green",125,2017,"GNBII_II","GNBII17_II","GNBII_3",2.18,27.2,"Temp5",19.7
"448","Green",125,2017,"GNBII_II","GNBII17_II","GNBII_4",2.19,27.4,"Temp5",20.8
"449","Green",125,2017,"GNBII_II","GNBII17_II","GNBII_5",2.38,29.4,"Temp5",20.1
"450","Green",125,2017,"GNBII_II","GNBII17_II","GNBII_6",1.33,25.2,"Temp5",21.8
"451","Green",125,2017,"GNBII_II","GNBII17_II","GNBII_7",2.04,27.4,"Temp5",21.2
"452","Green",251,2017,"GNBII","GNBII17","GNB_1",1.55,26.9,"Temp5",22.1
"453","Green",264,2017,"GNBII","GNBII17","GNB_2",1.22,25.4,"Temp5",20.7
"454","Green",242,2017,"GNBII","GNBII17","GNB_3",1.88,27.7,"Temp5",21.3
"455","Green",250,2017,"GNBII","GNBII17","GNB_4",1.24,23.9,"Temp5",20.4
"456","Green",242,2017,"GNBII","GNBII17","GNB_5",2,28.4,"Temp5",20.3
"457","Green",263,2017,"GNBII","GNBII17","GNB_6",1.36,24.7,"Temp5",21.5
"458","Green",247,2017,"GNBII","GNBII17","GNB_7",1.43,26.2,"Temp5",22.1
"459","Green",230,2017,"GNBII","GNBII17","GNB_8",2.45,28.2,"Temp5",20.7
"460","Green",247,2017,"GNBII","GNBII17","GNB_9",0.67,19.5,"Temp5",21.3
"461","Green",247,2017,"GNBII","GNBII17","GNB_10",1.59,26.1,"Temp5",20.1
"462","Green",293,2017,"SatMor","SatMor17","SatMor_1",1.33,24,"Temp5",20.1
"463","Green",310,2017,"SatMor","SatMor17","SatMor_2",0.97,20.9,"Temp5",19.2
"464","Green",316,2017,"SatMor","SatMor17","SatMor_3",0.98,23.1,"Temp5",21.6
"465","Green",314,2017,"SatMor","SatMor17","SatMor_4",1.02,23.3,"Temp5",21.6
"466","Green",317,2017,"SatMor","SatMor17","SatMor_5",0.89,21.2,"Temp5",NA
"467","Green",312,2017,"SatMor","SatMor17","SatMor_6",1.28,22.4,"Temp5",23
"468","Green",312,2017,"SatMor","SatMor17","SatMor_7",0.86,22.5,"Temp5",NA
"469","Green",305,2017,"SatMor","SatMor17","SatMor_8",1.17,22.1,"Temp5",22.1
"470","Green",307,2017,"SatMor","SatMor17","SatMor_9",1.29,24.3,"Temp5",18.3
"471","Green",307,2017,"SatMor","SatMor17","SatMor_10",1.22,23,"Temp5",17.5
"472","Green",717,2017,"NvaLib","NvaLib17","NvaLib_1",1.34,25.83,"Temp5",21.9
"473","Green",721,2017,"NvaLib","NvaLib17","NvaLib_2",1.4,23.63,"Temp5",21.8
"474","Green",721,2017,"NvaLib","NvaLib17","NvaLib_3",1.06,24.31,"Temp5",21.6
"475","Green",713,2017,"NvaLib","NvaLib17","NvaLib_4",1.6,27.18,"Temp5",20.8
"476","Green",718,2017,"NvaLib","NvaLib17","NvaLib_5",NA,NA,"Temp5",17.3
"477","Green",713,2017,"NvaLib","NvaLib17","NvaLib_6",1.46,25.38,"Temp5",NA
"478","Green",688,2017,"NvaLib","NvaLib17","NvaLib_7",1.75,27.03,"Temp5",24.9
"479","Green",727,2017,"NvaLib","NvaLib17","NvaLib_8",1.58,24.54,"Temp5",19.1
"480","Green",727,2017,"NvaLib","NvaLib17","NvaLib_9",1.62,26.6,"Temp5",21.8
"481","Green",747,2017,"NvaLib","NvaLib17","NvaLib_10",1.1,23.99,"Temp5",21.9
"482","Green",721,2017,"NvaLib","NvaLib17","NvaLib_11",1.28,24.74,"Temp5",24.4
"483","Orange",921,2017,"PlanLib","PlanLib17","PlanLib_1",0.91,22.5,"Temp5",18.9
"484","Orange",928,2017,"PlanLib","PlanLib17","PlanLib_2",1,23.6,"Temp5",18.4
"485","Orange",868,2017,"PlanLib","PlanLib17","PlanLib_3",1.15,22.4,"Temp5",21
"486","Orange",794,2017,"PlanLib","PlanLib17","PlanLib_4",1.17,24.5,"Temp5",21.5
"487","Orange",922,2017,"PlanLib","PlanLib17","PlanLib_5",1.2,24.9,"Temp5",17.7
"488","Orange",868,2017,"PlanLib","PlanLib17","PlanLib_6",1.29,24.7,"Temp5",18
"489","Orange",927,2017,"PlanLib","PlanLib17","PlanLib_7",1.3,24.2,"Temp5",19.8
"490","Orange",922,2017,"PlanLib","PlanLib17","PlanLib_8",1.31,23.1,"Temp5",18.7
"491","Orange",916,2017,"PlanLib","PlanLib17","PlanLib_9",1.39,24.5,"Temp5",17.6
"492","Orange",909,2017,"PlanLib","PlanLib17","PlanLib_10",1.39,24.4,"Temp5",22.5
"493","Orange",922,2017,"PlanLib","PlanLib17","PlanLib_11",1.67,26.6,"Temp5",17.8
"494","Orange",924,2017,"PlanLib","PlanLib17","PlanLib_12",4.1,34.6,"Temp5",21.8
"495","Orange",1083,2017,"ArrNeg","ArrNeg17","ArrNeg_1",0.82,17.4,"Temp5",NA
"496","Orange",1093,2017,"ArrNeg","ArrNeg17","ArrNeg_2",3.23,31.5,"Temp5",NA
"497","Orange",1083,2017,"ArrNeg","ArrNeg17","ArrNeg_3",1.26,23.6,"Temp5",NA
"498","Orange",1093,2017,"ArrNeg","ArrNeg17","ArrNeg_4",1.42,25.8,"Temp5",NA
"499","Orange",1009,2017,"ArrNeg","ArrNeg17","ArrNeg_5",1.14,22.6,"Temp5",NA
"500","Orange",1075,2017,"ArrNeg","ArrNeg17","ArrNeg_6",1.25,22.7,"Temp5",NA
"501","Orange",1076,2017,"ArrNeg","ArrNeg17","ArrNeg_7",1.17,23.5,"Temp5",NA
"502","Yellow",1256,2017,"CINLib","CINLib17","CINvLib1",0.45,17.2,"Temp5",22.7
"503","Yellow",1262,2017,"CINLib","CINLib17","CINvLib2",1.45,25.2,"Temp5",22.6
"504","Yellow",1194,2017,"CINLib","CINLib17","CINvLib3",1.5,26.3,"Temp5",22.9
"505","Yellow",1048,2017,"CINLib","CINLib17","CINvLib4",1.56,24.5,"Temp5",24.5
"506","Yellow",1227,2017,"CINLib","CINLib17","CINvLib5",1.66,24.5,"Temp5",22.8
"507","Yellow",1030,2017,"CINLib","CINLib17","CINvLib6",1.71,26.1,"Temp5",23.7
"508","Yellow",1150,2017,"CINLib","CINLib17","CINvLib7",2.17,27.5,"Temp5",23.4
"509","Yellow",1151,2017,"CINLib","CINLib17","CINvLib8",3.17,33.7,"Temp5",23.8
"510","Yellow",1227,2017,"CINLib","CINLib17","CINvLib9",3.72,35.3,"Temp5",22.3
"511","Yellow",1150,2017,"CINLib","CINLib17","CINvLib10",3.79,34.3,"Temp5",23.7
"512","Yellow",1150,2017,"CINLib","CINLib17","CINvLib11",4.1,37.8,"Temp5",24
"513","Yellow",1168,2017,"CINLib","CINLib17","CINvLib12",4.34,39.2,"Temp5",20
"514","Yellow",1162,2017,"NBI","NBI17","NBravo_1",1.16,23.5,"Temp5",17.2
"515","Yellow",1142,2017,"NBI","NBI17","NBravo_2",1.86,25.6,"Temp5",18.5
"516","Yellow",1181,2017,"NBI","NBI17","NBravo_3",0.97,21.5,"Temp5",19.5
"517","Yellow",1184,2017,"NBI","NBI17","NBravo_4",0.82,20.8,"Temp5",18.6
"518","Yellow",1186,2017,"NBI","NBI17","NBravo_5",0.26,14.4,"Temp5",19
"519","Yellow",1169,2017,"NBI","NBI17","NBravo_6",0.18,11.9,"Temp5",19.9
"520","Yellow",1181,2017,"NBI","NBI17","NBravo_7",0.82,21.7,"Temp5",18.5
"521","Yellow",1162,2017,"NBI","NBI17","NBravo_8",0.36,16.6,"Temp5",17.5
"522","Yellow",1136,2017,"NBI","NBI17","NBravo_9",0.3,13.4,"Temp5",19.9
"523","Yellow",1116,2017,"NBI","NBI17","NBravo_10",0.33,15.4,"Temp5",19.2
"524","Yellow",1300,2017,"LaLoma","LaLoma17","LaLom_1",1.53,26.28,"Temp5",22.1
"525","Yellow",1304,2017,"LaLoma","LaLoma17","LaLom_2",1.35,24.34,"Temp5",22.8
"526","Yellow",1304,2017,"LaLoma","LaLoma17","LaLom_3",1.24,23.4,"Temp5",22.3
"527","Yellow",1304,2017,"LaLoma","LaLoma17","LaLom_4",1.25,23.78,"Temp5",22.4
"528","Yellow",1300,2017,"LaLoma","LaLoma17","LaLom_5",1.39,25.48,"Temp5",23.5
"529","Yellow",1309,2017,"LaLoma","LaLoma17","LaLom_6",1.54,27.16,"Temp5",23
"530","Yellow",1300,2017,"LaLoma","LaLoma17","LaLom_7",1.35,25.37,"Temp5",23.2
"531","Yellow",1310,2017,"LaLoma","LaLoma17","LaLom_8",1.63,27,"Temp5",21.6
"532","Yellow",1305,2017,"LaLoma","LaLoma17","LaLom_9",1.6,26.94,"Temp5",23.3
"533","Yellow",1296,2017,"LaLoma","LaLoma17","LaLom_10",1.52,25.37,"Temp5",22.2
"534","Red",1509,2017,"RLFlor","RLFlor17","RLaFlor_1",0.42,16.9,"Temp5",22.2
"535","Red",1508,2017,"RLFlor","RLFlor17","RLaFlor_2",0.43,17,"Temp5",21.3
"536","Red",1509,2017,"RLFlor","RLFlor17","RLaFlor_3",0.46,17,"Temp5",NA
"537","Red",1508,2017,"RLFlor","RLFlor17","RLaFlor_4",0.53,17.4,"Temp5",22.6
"538","Red",1508,2017,"RLFlor","RLFlor17","RLaFlor_5",0.62,19.5,"Temp5",19.7
"539","Red",1512,2017,"RLFlor","RLFlor17","RLaFlor_6",0.66,19.7,"Temp5",25.4
"540","Red",1516,2017,"RLFlor","RLFlor17","RLaFlor_7",0.71,21.9,"Temp5",18.3
"541","Red",1519,2017,"RLFlor","RLFlor17","RLaFlor_8",1.13,23.8,"Temp5",19.3
"542","Red",1520,2017,"RLFlor","RLFlor17","RLaFlor_9",1.41,25.4,"Temp5",22.6
"543","Red",1520,2017,"RLFlor","RLFlor17","RLaFlor_10",1.71,26.5,"Temp5",23.2
"544","Blue",2083,2017,"AmpLag","AmpLag17","Amp_Lag1",1.23,21,"Temp5",24.4
"545","Blue",2115,2017,"AmpLag","AmpLag17","Amp_Lag2",1.63,17,"Temp5",24
"546","Blue",2083,2017,"AmpLag","AmpLag17","Amp_Lag3",0.7,19.1,"Temp5",25.6
"547","Blue",2122,2017,"AmpLag","AmpLag17","Amp_Lag4",1.94,25.6,"Temp5",23.2
"548","Blue",2082,2017,"AmpLag","AmpLag17","Amp_Lag5",0.67,17.6,"Temp5",24.4
"549","Blue",2082,2017,"AmpLag","AmpLag17","Amp_Lag6",0.75,18.7,"Temp5",24.4
"550","Blue",2103,2017,"AmpLag","AmpLag17","Amp_Lag7",1.7,25.3,"Temp5",25.3
"551","Blue",2126,2017,"AmpLag","AmpLag17","Amp_Lag8",1.89,26.5,"Temp5",22.5
"552","Blue",2115,2017,"AmpLag","AmpLag17","Amp_Lag9",1.37,22.9,"Temp5",NA
"553","Blue",2125,2017,"AmpLag","AmpLag17","Amp_Lag10",0.67,18.9,"Temp5",25
"554","Blue",2131,2017,"AmpLag","AmpLag17","Amp_Lag11",0.54,17.4,"Temp5",25.2
"555","Blue",2130,2017,"AmpLag","AmpLag17","Amp_Lag12",1.66,26,"Temp5",24.3
"556","Green",826,2018,"NvaLib","NvaLib18","NvaLib_1",NA,23.73,"Temp1",24.5
"557","Green",842,2018,"NvaLib","NvaLib18","NvaLib_2",NA,30.61,"Temp1",24.3
"558","Green",727,2018,"NvaLib","NvaLib18","NvaLib_3",NA,25.18,"Temp1",24.6
"559","Green",835,2018,"NvaLib","NvaLib18","NvaLib_4",NA,23.34,"Temp1",24
"560","Green",828,2018,"NvaLib","NvaLib18","NvaLib_5",NA,23.49,"Temp1",24.9
"561","Green",825,2018,"NvaLib","NvaLib18","NvaLib_6",NA,22.23,"Temp1",24.3
"562","Green",828,2018,"NvaLib","NvaLib18","NvaLib_7",NA,22.67,"Temp1",25.1
"563","Green",828,2018,"NvaLib","NvaLib18","NvaLib_8",NA,24.82,"Temp1",24.5
"564","Green",846,2018,"NvaLib","NvaLib18","NvaLib_9",NA,22.95,"Temp1",24
"565","Green",824,2018,"NvaLib","NvaLib18","NvaLib_10",NA,24.5,"Temp1",24.4
"566","Orange",700,2018,"Palestina","Pales18","Pal_1",1.2,24.01,"Temp1",23.6
"567","Orange",751,2018,"Palestina","Pales18","Pal_2",1.17,23.2,"Temp1",22.3
"568","Orange",746,2018,"Palestina","Pales18","Pal_3",0.97,23.14,"Temp1",24.2
"569","Orange",736,2018,"Palestina","Pales18","Pal_4",1.5,25.99,"Temp1",21.8
"570","Orange",733,2018,"Palestina","Pales18","Pal_5",1.31,23.69,"Temp1",22.4
"571","Orange",722,2018,"Palestina","Pales18","Pal_6",1.13,20.76,"Temp1",23.2
"572","Orange",728,2018,"Palestina","Pales18","Pal_7",1.6,26.43,"Temp1",21.6
"573","Orange",751,2018,"Palestina","Pales18","Pal_8",1.02,22.68,"Temp1",23.3
"574","Orange",752,2018,"Palestina","Pales18","Pal_9",1.24,24.25,"Temp1",22.6
"575","Orange",750,2018,"Palestina","Pales18","Pal_10",1.21,23.82,"Temp1",23.8
"576","Orange",810,2018,"SalUrb","SalUrb18","SalUrb_1",0.95,22.81,"Temp1",21
"577","Orange",815,2018,"SalUrb","SalUrb18","SalUrb_2",1.49,24.49,"Temp1",19.3
"578","Orange",812,2018,"SalUrb","SalUrb18","SalUrb_3",1.36,24.41,"Temp1",18.3
"579","Orange",790,2018,"SalUrb","SalUrb18","SalUrb_4",1.11,23.63,"Temp1",23
"580","Orange",891,2018,"SalUrb","SalUrb18","SalUrb_5",1.18,24.43,"Temp1",20.3
"581","Orange",874,2018,"SalUrb","SalUrb18","SalUrb_6",1.27,24.08,"Temp1",19.3
"582","Orange",883,2018,"SalUrb","SalUrb18","SalUrb_7",1.32,24.9,"Temp1",21.2
"583","Orange",804,2018,"SalUrb","SalUrb18","SalUrb_8",1.29,22.86,"Temp1",22.3
"584","Orange",854,2018,"SalUrb","SalUrb18","SalUrb_9",1.51,25.48,"Temp1",23
"585","Orange",786,2018,"SalUrb","SalUrb18","SalUrb_10",1.27,23.37,"Temp1",21.3
"586","Yellow",1135,2018,"NBI","NBI18","NBravo_1",1.31,24.6,"Temp1",21
"587","Yellow",1087,2018,"NBI","NBI18","NBravo_2",1.14,24,"Temp1",23
"588","Yellow",1083,2018,"NBI","NBI18","NBravo_3",1.18,25.2,"Temp1",21
"589","Yellow",1144,2018,"NBI","NBI18","NBravo_4",1.12,22.4,"Temp1",21.8
"590","Yellow",1147,2018,"NBI","NBI18","NBravo_5",1.37,24.5,"Temp1",20.06
"591","Yellow",1193,2018,"NBI","NBI18","NBravo_6",1.22,22.8,"Temp1",21.6
"592","Yellow",1122,2018,"NBI","NBI18","NBravo_7",1.34,25.7,"Temp1",23.7
"593","Yellow",1130,2018,"NBI","NBI18","NBravo_8",1.36,25.4,"Temp1",21.4
"594","Yellow",1063,2018,"NBI","NBI18","NBravo_9",1.29,23.8,"Temp1",19.2
"595","Yellow",1127,2018,"NBI","NBI18","NBravo_10",1.56,27.4,"Temp1",22.6
"596","Yellow",1151,2018,"NBI","NBI18","NBravo_11",1.46,26,"Temp1",20.1
"597","Yellow",1199,2018,"NBI","NBI18","NBravo_12",1.94,27.69,"Temp1",22.2
"598","Yellow",1295,2018,"CINLib","CINLib18","CINvLib1",1.37,25.49,"Temp1",23.7
"599","Yellow",1291,2018,"CINLib","CINLib18","CINvLib2",1.03,22.64,"Temp1",23.8
"600","Yellow",1282,2018,"CINLib","CINLib18","CINvLib3",1.12,25.13,"Temp1",24.6
"601","Yellow",1268,2018,"CINLib","CINLib18","CINvLib4",1.05,24.67,"Temp1",22.3
"602","Yellow",1253,2018,"CINLib","CINLib18","CINvLib5",1.05,24.74,"Temp1",22.1
"603","Yellow",1201,2018,"CINLib","CINLib18","CINvLib6",1.13,25.53,"Temp1",21.4
"604","Yellow",1182,2018,"CINLib","CINLib18","CINvLib7",0.96,24.37,"Temp1",25.1
"605","Yellow",1155,2018,"CINLib","CINLib18","CINvLib8",0.84,23.05,"Temp1",22.8
"606","Yellow",1130,2018,"CINLib","CINLib18","CINvLib9",1.22,24.91,"Temp1",26.4
"607","Yellow",1125,2018,"CINLib","CINLib18","CINvLib10",0.69,22.25,"Temp1",25.5
"608","Yellow",1086,2018,"CINLib","CINLib18","CINvLib11",1.28,25.67,"Temp1",23.6
"609","Yellow",1300,2018,"LaLoma","LaLoma18","LaLom_1",1.61,25.31,"Temp1",20
"610","Yellow",1299,2018,"LaLoma","LaLoma18","LaLom_2",1.13,22.71,"Temp1",19.9
"611","Yellow",1295,2018,"LaLoma","LaLoma18","LaLom_3",1.74,25.92,"Temp1",25.4
"612","Yellow",1310,2018,"LaLoma","LaLoma18","LaLom_4",0.54,18.6,"Temp1",25.2
"613","Yellow",1299,2018,"LaLoma","LaLoma18","LaLom_5",0.6,17.89,"Temp1",20.2
"614","Yellow",1298,2018,"LaLoma","LaLoma18","LaLom_6",2.74,29.93,"Temp1",17.9
"615","Red",1403,2018,"Palmas","Palm18","Palmas_1",1.16,24.2,"Temp1",22.1
"616","Red",1367,2018,"Palmas","Palm18","Palmas_2",1.71,24.8,"Temp1",19.8
"617","Red",1363,2018,"Palmas","Palm18","Palmas_3",1.43,23.6,"Temp1",20.6
"618","Red",1402,2018,"Palmas","Palm18","Palmas_4",1.51,24,"Temp1",21.6
"619","Red",1390,2018,"Palmas","Palm18","Palmas_5",1.52,25,"Temp1",22.4
"620","Red",1358,2018,"Palmas","Palm18","Palmas_6",1.51,25.7,"Temp1",22.9
"621","Red",1392,2018,"Palmas","Palm18","Palmas_7",1.53,24.8,"Temp1",22.2
"622","Red",1393,2018,"Palmas","Palm18","Palmas_8",1.49,27.3,"Temp1",21.9
"623","Red",1352,2018,"Palmas","Palm18","Palmas_9",1.65,24.9,"Temp1",22.9
"624","Red",1360,2018,"Palmas","Palm18","Palmas_10",1.23,22.8,"Temp1",22.7
"625","Red",1389,2018,"Palmas","Palm18","Palmas_11",1.5,23.3,"Temp1",21.3
"626","Red",1514,2018,"LagLon","LagLon18","LagLon_1",1.23,23.1,"Temp1",21.3
"627","Red",1468,2018,"LagLon","LagLon18","LagLon_2",1.31,23.8,"Temp1",23
"628","Red",1456,2018,"LagLon","LagLon18","LagLon_3",1.36,24.7,"Temp1",21.3
"629","Red",1433,2018,"LagLon","LagLon18","LagLon_4",1.44,24.8,"Temp1",22.2
"630","Red",1524,2018,"LagLon","LagLon18","LagLon_5",1.46,25.3,"Temp1",22.5
"631","Red",1492,2018,"LagLon","LagLon18","LagLon_6",1.59,25.9,"Temp1",21.2
"632","Red",1457,2018,"LagLon","LagLon18","LagLon_7",1.6,25,"Temp1",21.5
"633","Red",1454,2018,"LagLon","LagLon18","LagLon_8",1.63,24.1,"Temp1",22.1
"634","Red",1479,2018,"LagLon","LagLon18","LagLon_9",1.65,25.2,"Temp1",22.3
"635","Red",1490,2018,"LagLon","LagLon18","LagLon_10",1.86,27.9,"Temp1",22
"636","Red",1523,2018,"LagLon","LagLon18","LagLon_11",1.86,25.8,"Temp1",22.5
"637","Red",1518,2018,"LagLon","LagLon18","LagLon_12",1.91,27.8,"Temp1",20
"638","Blue",2109,2018,"AmpLag","AmpLag18","Amp_Lag1",1.95,24.19,"Temp1",20.3
"639","Blue",2101,2018,"AmpLag","AmpLag18","Amp_Lag2",1.3,19.6,"Temp1",20.5
"640","Blue",2089,2018,"AmpLag","AmpLag18","Amp_Lag3",0.95,17.47,"Temp1",21.7
"641","Blue",2184,2018,"AmpLag","AmpLag18","Amp_Lag4",1,18.59,"Temp1",22.2
"642","Blue",2109,2018,"AmpLag","AmpLag18","Amp_Lag5",1.55,20.46,"Temp1",21.3
"643","Blue",2210,2018,"AmpLag","AmpLag18","Amp_Lag6",1.1,19.01,"Temp1",20.6
"644","Blue",2212,2018,"AmpLag","AmpLag18","Amp_Lag7",1.1,19.36,"Temp1",21.5
"645","Blue",2210,2018,"AmpLag","AmpLag18","Amp_Lag8",1.2,18.64,"Temp1",20.1
"646","Blue",2217,2018,"AmpLag","AmpLag18","Amp_Lag9",1.1,17.95,"Temp1",21.9
"647","Blue",2211,2018,"AmpLag","AmpLag18","Amp_Lag10",1.1,18.75,"Temp1",20
"648","Blue",2208,2018,"AmpLag","AmpLag18","Amp_Lag11",1.2,19.39,"Temp1",21.1
"649","Blue",2083,2017,"AmpLag","AmpLag17","Amp_Lag1",1.23,21,"Temp1",22.9
"650","Blue",2115,2017,"AmpLag","AmpLag17","Amp_Lag2",1.63,17,"Temp1",22.5
"651","Blue",2083,2017,"AmpLag","AmpLag17","Amp_Lag3",0.7,19.1,"Temp1",24.9
"652","Blue",2122,2017,"AmpLag","AmpLag17","Amp_Lag4",1.94,25.6,"Temp1",27.5
"653","Blue",2082,2017,"AmpLag","AmpLag17","Amp_Lag5",0.67,17.6,"Temp1",23.8
"654","Blue",2082,2017,"AmpLag","AmpLag17","Amp_Lag6",0.75,18.7,"Temp1",25.7
"655","Blue",2103,2017,"AmpLag","AmpLag17","Amp_Lag7",1.7,25.3,"Temp1",23.7
"656","Blue",2126,2017,"AmpLag","AmpLag17","Amp_Lag8",1.89,26.5,"Temp1",25.8
"657","Blue",2115,2017,"AmpLag","AmpLag17","Amp_Lag9",1.37,22.9,"Temp1",27.2
"658","Blue",2125,2017,"AmpLag","AmpLag17","Amp_Lag10",0.67,18.9,"Temp1",25.5
"659","Green",826,2018,"NvaLib","NvaLib18","NvaLib_1",NA,23.73,"Temp2",24.5
"660","Green",842,2018,"NvaLib","NvaLib18","NvaLib_2",NA,30.61,"Temp2",23.2
"661","Green",727,2018,"NvaLib","NvaLib18","NvaLib_3",NA,25.18,"Temp2",25.2
"662","Green",835,2018,"NvaLib","NvaLib18","NvaLib_4",NA,23.34,"Temp2",24.6
"663","Green",828,2018,"NvaLib","NvaLib18","NvaLib_5",NA,23.49,"Temp2",25.4
"664","Green",825,2018,"NvaLib","NvaLib18","NvaLib_6",NA,22.23,"Temp2",20.6
"665","Green",828,2018,"NvaLib","NvaLib18","NvaLib_7",NA,22.67,"Temp2",22.9
"666","Green",828,2018,"NvaLib","NvaLib18","NvaLib_8",NA,24.82,"Temp2",24
"667","Green",846,2018,"NvaLib","NvaLib18","NvaLib_9",NA,22.95,"Temp2",22.9
"668","Green",824,2018,"NvaLib","NvaLib18","NvaLib_10",NA,24.5,"Temp2",24.8
"669","Orange",700,2018,"Palestina","Pales18","Pal_1",1.2,24.01,"Temp2",21.6
"670","Orange",751,2018,"Palestina","Pales18","Pal_2",1.17,23.2,"Temp2",23.3
"671","Orange",746,2018,"Palestina","Pales18","Pal_3",0.97,23.14,"Temp2",25.7
"672","Orange",736,2018,"Palestina","Pales18","Pal_4",1.5,25.99,"Temp2",22.5
"673","Orange",733,2018,"Palestina","Pales18","Pal_5",1.31,23.69,"Temp2",21.4
"674","Orange",722,2018,"Palestina","Pales18","Pal_6",1.13,20.76,"Temp2",23.8
"675","Orange",728,2018,"Palestina","Pales18","Pal_7",1.6,26.43,"Temp2",25
"676","Orange",751,2018,"Palestina","Pales18","Pal_8",1.02,22.68,"Temp2",21.8
"677","Orange",752,2018,"Palestina","Pales18","Pal_9",1.24,24.25,"Temp2",22.4
"678","Orange",750,2018,"Palestina","Pales18","Pal_10",1.21,23.82,"Temp2",24.1
"679","Orange",810,2018,"SalUrb","SalUrb18","SalUrb_1",0.95,22.81,"Temp2",21.2
"680","Orange",815,2018,"SalUrb","SalUrb18","SalUrb_2",1.49,24.49,"Temp2",18.6
"681","Orange",812,2018,"SalUrb","SalUrb18","SalUrb_3",1.36,24.41,"Temp2",21.9
"682","Orange",790,2018,"SalUrb","SalUrb18","SalUrb_4",1.11,23.63,"Temp2",20.7
"683","Orange",891,2018,"SalUrb","SalUrb18","SalUrb_5",1.18,24.43,"Temp2",19.8
"684","Orange",874,2018,"SalUrb","SalUrb18","SalUrb_6",1.27,24.08,"Temp2",20.3
"685","Orange",883,2018,"SalUrb","SalUrb18","SalUrb_7",1.32,24.9,"Temp2",21
"686","Orange",804,2018,"SalUrb","SalUrb18","SalUrb_8",1.29,22.86,"Temp2",21.5
"687","Orange",854,2018,"SalUrb","SalUrb18","SalUrb_9",1.51,25.48,"Temp2",20
"688","Orange",786,2018,"SalUrb","SalUrb18","SalUrb_10",1.27,23.37,"Temp2",20
"689","Yellow",1135,2018,"NBI","NBI18","NBravo_1",1.31,24.6,"Temp2",21.5
"690","Yellow",1087,2018,"NBI","NBI18","NBravo_2",1.14,24,"Temp2",19.08
"691","Yellow",1083,2018,"NBI","NBI18","NBravo_3",1.18,25.2,"Temp2",20.8
"692","Yellow",1144,2018,"NBI","NBI18","NBravo_4",1.12,22.4,"Temp2",16.3
"693","Yellow",1147,2018,"NBI","NBI18","NBravo_5",1.37,24.5,"Temp2",20.8
"694","Yellow",1193,2018,"NBI","NBI18","NBravo_6",1.22,22.8,"Temp2",21.5
"695","Yellow",1122,2018,"NBI","NBI18","NBravo_7",1.34,25.7,"Temp2",19.2
"696","Yellow",1130,2018,"NBI","NBI18","NBravo_8",1.36,25.4,"Temp2",19.2
"697","Yellow",1063,2018,"NBI","NBI18","NBravo_9",1.29,23.8,"Temp2",19.7
"698","Yellow",1127,2018,"NBI","NBI18","NBravo_10",1.56,27.4,"Temp2",23.2
"699","Yellow",1151,2018,"NBI","NBI18","NBravo_11",1.46,26,"Temp2",18
"700","Yellow",1199,2018,"NBI","NBI18","NBravo_12",1.94,27.69,"Temp2",19.2
"701","Yellow",1295,2018,"CINLib","CINLib18","CINvLib1",1.37,25.49,"Temp2",24.3
"702","Yellow",1291,2018,"CINLib","CINLib18","CINvLib2",1.03,22.64,"Temp2",21.6
"703","Yellow",1282,2018,"CINLib","CINLib18","CINvLib3",1.12,25.13,"Temp2",23.7
"704","Yellow",1268,2018,"CINLib","CINLib18","CINvLib4",1.05,24.67,"Temp2",23.7
"705","Yellow",1253,2018,"CINLib","CINLib18","CINvLib5",1.05,24.74,"Temp2",22.3
"706","Yellow",1201,2018,"CINLib","CINLib18","CINvLib6",1.13,25.53,"Temp2",19.4
"707","Yellow",1182,2018,"CINLib","CINLib18","CINvLib7",0.96,24.37,"Temp2",19.9
"708","Yellow",1155,2018,"CINLib","CINLib18","CINvLib8",0.84,23.05,"Temp2",23.9
"709","Yellow",1130,2018,"CINLib","CINLib18","CINvLib9",1.22,24.91,"Temp2",26.1
"710","Yellow",1125,2018,"CINLib","CINLib18","CINvLib10",0.69,22.25,"Temp2",22.6
"711","Yellow",1086,2018,"CINLib","CINLib18","CINvLib11",1.28,25.67,"Temp2",24
"712","Yellow",1300,2018,"LaLoma","LaLoma18","LaLom_1",1.61,25.31,"Temp2",19.6
"713","Yellow",1299,2018,"LaLoma","LaLoma18","LaLom_2",1.13,22.71,"Temp2",19.4
"714","Yellow",1295,2018,"LaLoma","LaLoma18","LaLom_3",1.74,25.92,"Temp2",20.8
"715","Yellow",1310,2018,"LaLoma","LaLoma18","LaLom_4",0.54,18.6,"Temp2",19.1
"716","Yellow",1299,2018,"LaLoma","LaLoma18","LaLom_5",0.6,17.89,"Temp2",19.8
"717","Yellow",1298,2018,"LaLoma","LaLoma18","LaLom_6",2.74,29.93,"Temp2",19.8
"718","Red",1403,2018,"Palmas","Palm18","Palmas_1",1.16,24.2,"Temp2",20.5
"719","Red",1367,2018,"Palmas","Palm18","Palmas_2",1.71,24.8,"Temp2",21.8
"720","Red",1363,2018,"Palmas","Palm18","Palmas_3",1.43,23.6,"Temp2",19.8
"721","Red",1402,2018,"Palmas","Palm18","Palmas_4",1.51,24,"Temp2",20.8
"722","Red",1390,2018,"Palmas","Palm18","Palmas_5",1.52,25,"Temp2",18.8
"723","Red",1358,2018,"Palmas","Palm18","Palmas_6",1.51,25.7,"Temp2",22.2
"724","Red",1392,2018,"Palmas","Palm18","Palmas_7",1.53,24.8,"Temp2",22.6
"725","Red",1393,2018,"Palmas","Palm18","Palmas_8",1.49,27.3,"Temp2",21.6
"726","Red",1352,2018,"Palmas","Palm18","Palmas_9",1.65,24.9,"Temp2",20.6
"727","Red",1360,2018,"Palmas","Palm18","Palmas_10",1.23,22.8,"Temp2",22
"728","Red",1389,2018,"Palmas","Palm18","Palmas_11",1.5,23.3,"Temp2",21.6
"729","Red",1514,2018,"LagLon","LagLon18","LagLon_1",1.23,23.1,"Temp2",22.2
"730","Red",1468,2018,"LagLon","LagLon18","LagLon_2",1.31,23.8,"Temp2",20.9
"731","Red",1456,2018,"LagLon","LagLon18","LagLon_3",1.36,24.7,"Temp2",22.1
"732","Red",1433,2018,"LagLon","LagLon18","LagLon_4",1.44,24.8,"Temp2",17.8
"733","Red",1524,2018,"LagLon","LagLon18","LagLon_5",1.46,25.3,"Temp2",22.1
"734","Red",1492,2018,"LagLon","LagLon18","LagLon_6",1.59,25.9,"Temp2",21
"735","Red",1457,2018,"LagLon","LagLon18","LagLon_7",1.6,25,"Temp2",21.2
"736","Red",1454,2018,"LagLon","LagLon18","LagLon_8",1.63,24.1,"Temp2",29
"737","Red",1479,2018,"LagLon","LagLon18","LagLon_9",1.65,25.2,"Temp2",22.3
"738","Red",1490,2018,"LagLon","LagLon18","LagLon_10",1.86,27.9,"Temp2",21.2
"739","Red",1523,2018,"LagLon","LagLon18","LagLon_11",1.86,25.8,"Temp2",20.2
"740","Red",1518,2018,"LagLon","LagLon18","LagLon_12",1.91,27.8,"Temp2",19.9
"741","Blue",2109,2018,"AmpLag","AmpLag18","Amp_Lag1",1.95,24.19,"Temp2",21
"742","Blue",2101,2018,"AmpLag","AmpLag18","Amp_Lag2",1.3,19.6,"Temp2",19.2
"743","Blue",2089,2018,"AmpLag","AmpLag18","Amp_Lag3",0.95,17.47,"Temp2",21.3
"744","Blue",2184,2018,"AmpLag","AmpLag18","Amp_Lag4",1,18.59,"Temp2",21.8
"745","Blue",2109,2018,"AmpLag","AmpLag18","Amp_Lag5",1.55,20.46,"Temp2",21.5
"746","Blue",2210,2018,"AmpLag","AmpLag18","Amp_Lag6",1.1,19.01,"Temp2",22.3
"747","Blue",2212,2018,"AmpLag","AmpLag18","Amp_Lag7",1.1,19.36,"Temp2",19.7
"748","Blue",2210,2018,"AmpLag","AmpLag18","Amp_Lag8",1.2,18.64,"Temp2",21.6
"749","Blue",2217,2018,"AmpLag","AmpLag18","Amp_Lag9",1.1,17.95,"Temp2",22.9
"750","Blue",2211,2018,"AmpLag","AmpLag18","Amp_Lag10",1.1,18.75,"Temp2",22.1
"751","Blue",2208,2018,"AmpLag","AmpLag18","Amp_Lag11",1.2,19.39,"Temp2",21
"752","Blue",2131,2017,"AmpLag","AmpLag17","Amp_Lag11",0.54,17.4,"Temp1",26.2
"753","Blue",2130,2017,"AmpLag","AmpLag17","Amp_Lag12",1.66,26,"Temp1",28.9
"754","Blue",2083,2017,"AmpLag","AmpLag17","Amp_Lag1",1.23,21,"Temp2",24.8
"755","Blue",2115,2017,"AmpLag","AmpLag17","Amp_Lag2",1.63,17,"Temp2",26.6
"756","Blue",2083,2017,"AmpLag","AmpLag17","Amp_Lag3",0.7,19.1,"Temp2",24.8
"757","Blue",2122,2017,"AmpLag","AmpLag17","Amp_Lag4",1.94,25.6,"Temp2",26.8
"758","Blue",2082,2017,"AmpLag","AmpLag17","Amp_Lag5",0.67,17.6,"Temp2",26.3
"759","Blue",2082,2017,"AmpLag","AmpLag17","Amp_Lag6",0.75,18.7,"Temp2",25.8
"760","Blue",2103,2017,"AmpLag","AmpLag17","Amp_Lag7",1.7,25.3,"Temp2",25.3
"761","Blue",2126,2017,"AmpLag","AmpLag17","Amp_Lag8",1.89,26.5,"Temp2",25.3
"762","Green",826,2018,"NvaLib","NvaLib18","NvaLib_1",NA,23.73,"Temp3",20.2
"763","Green",842,2018,"NvaLib","NvaLib18","NvaLib_2",NA,30.61,"Temp3",22.3
"764","Green",727,2018,"NvaLib","NvaLib18","NvaLib_3",NA,25.18,"Temp3",25.5
"765","Green",835,2018,"NvaLib","NvaLib18","NvaLib_4",NA,23.34,"Temp3",23.8
"766","Green",828,2018,"NvaLib","NvaLib18","NvaLib_5",NA,23.49,"Temp3",23.9
"767","Green",825,2018,"NvaLib","NvaLib18","NvaLib_6",NA,22.23,"Temp3",21.8
"768","Green",828,2018,"NvaLib","NvaLib18","NvaLib_7",NA,22.67,"Temp3",25.8
"769","Green",828,2018,"NvaLib","NvaLib18","NvaLib_8",NA,24.82,"Temp3",24.9
"770","Green",846,2018,"NvaLib","NvaLib18","NvaLib_9",NA,22.95,"Temp3",24.7
"771","Green",824,2018,"NvaLib","NvaLib18","NvaLib_10",NA,24.5,"Temp3",25
"772","Orange",700,2018,"Palestina","Pales18","Pal_1",1.2,24.01,"Temp3",25.6
"773","Orange",751,2018,"Palestina","Pales18","Pal_2",1.17,23.2,"Temp3",21.9
"774","Orange",746,2018,"Palestina","Pales18","Pal_3",0.97,23.14,"Temp3",22.4
"775","Orange",736,2018,"Palestina","Pales18","Pal_4",1.5,25.99,"Temp3",21.9
"776","Orange",733,2018,"Palestina","Pales18","Pal_5",1.31,23.69,"Temp3",24.4
"777","Orange",722,2018,"Palestina","Pales18","Pal_6",1.13,20.76,"Temp3",20.3
"778","Orange",728,2018,"Palestina","Pales18","Pal_7",1.6,26.43,"Temp3",24.6
"779","Orange",751,2018,"Palestina","Pales18","Pal_8",1.02,22.68,"Temp3",22.2
"780","Orange",752,2018,"Palestina","Pales18","Pal_9",1.24,24.25,"Temp3",24.6
"781","Orange",750,2018,"Palestina","Pales18","Pal_10",1.21,23.82,"Temp3",24.7
"782","Orange",810,2018,"SalUrb","SalUrb18","SalUrb_1",0.95,22.81,"Temp3",18.8
"783","Orange",815,2018,"SalUrb","SalUrb18","SalUrb_2",1.49,24.49,"Temp3",18.3
"784","Orange",812,2018,"SalUrb","SalUrb18","SalUrb_3",1.36,24.41,"Temp3",19.7
"785","Orange",790,2018,"SalUrb","SalUrb18","SalUrb_4",1.11,23.63,"Temp3",21.8
"786","Orange",891,2018,"SalUrb","SalUrb18","SalUrb_5",1.18,24.43,"Temp3",18.4
"787","Orange",874,2018,"SalUrb","SalUrb18","SalUrb_6",1.27,24.08,"Temp3",20.6
"788","Orange",883,2018,"SalUrb","SalUrb18","SalUrb_7",1.32,24.9,"Temp3",20.1
"789","Orange",804,2018,"SalUrb","SalUrb18","SalUrb_8",1.29,22.86,"Temp3",18
"790","Orange",854,2018,"SalUrb","SalUrb18","SalUrb_9",1.51,25.48,"Temp3",20
"791","Orange",786,2018,"SalUrb","SalUrb18","SalUrb_10",1.27,23.37,"Temp3",20.6
"792","Yellow",1135,2018,"NBI","NBI18","NBravo_1",1.31,24.6,"Temp3",20.2
"793","Yellow",1087,2018,"NBI","NBI18","NBravo_2",1.14,24,"Temp3",18.1
"794","Yellow",1083,2018,"NBI","NBI18","NBravo_3",1.18,25.2,"Temp3",21.7
"795","Yellow",1144,2018,"NBI","NBI18","NBravo_4",1.12,22.4,"Temp3",20.3
"796","Yellow",1147,2018,"NBI","NBI18","NBravo_5",1.37,24.5,"Temp3",20.6
"797","Yellow",1193,2018,"NBI","NBI18","NBravo_6",1.22,22.8,"Temp3",22.7
"798","Yellow",1122,2018,"NBI","NBI18","NBravo_7",1.34,25.7,"Temp3",21.9
"799","Yellow",1130,2018,"NBI","NBI18","NBravo_8",1.36,25.4,"Temp3",17.9
"800","Yellow",1063,2018,"NBI","NBI18","NBravo_9",1.29,23.8,"Temp3",19.3
"801","Yellow",1127,2018,"NBI","NBI18","NBravo_10",1.56,27.4,"Temp3",19
"802","Yellow",1151,2018,"NBI","NBI18","NBravo_11",1.46,26,"Temp3",20.6
"803","Yellow",1199,2018,"NBI","NBI18","NBravo_12",1.94,27.69,"Temp3",14.9
"804","Yellow",1295,2018,"CINLib","CINLib18","CINvLib1",1.37,25.49,"Temp3",24
"805","Yellow",1291,2018,"CINLib","CINLib18","CINvLib2",1.03,22.64,"Temp3",24.3
"806","Yellow",1282,2018,"CINLib","CINLib18","CINvLib3",1.12,25.13,"Temp3",23.6
"807","Yellow",1268,2018,"CINLib","CINLib18","CINvLib4",1.05,24.67,"Temp3",24
"808","Yellow",1253,2018,"CINLib","CINLib18","CINvLib5",1.05,24.74,"Temp3",23.9
"809","Yellow",1201,2018,"CINLib","CINLib18","CINvLib6",1.13,25.53,"Temp3",23.3
"810","Yellow",1182,2018,"CINLib","CINLib18","CINvLib7",0.96,24.37,"Temp3",25
"811","Yellow",1155,2018,"CINLib","CINLib18","CINvLib8",0.84,23.05,"Temp3",24.1
"812","Yellow",1130,2018,"CINLib","CINLib18","CINvLib9",1.22,24.91,"Temp3",23.6
"813","Yellow",1125,2018,"CINLib","CINLib18","CINvLib10",0.69,22.25,"Temp3",24.5
"814","Yellow",1086,2018,"CINLib","CINLib18","CINvLib11",1.28,25.67,"Temp3",22.8
"815","Yellow",1300,2018,"LaLoma","LaLoma18","LaLom_1",1.61,25.31,"Temp3",18.7
"816","Yellow",1299,2018,"LaLoma","LaLoma18","LaLom_2",1.13,22.71,"Temp3",20.2
"817","Yellow",1295,2018,"LaLoma","LaLoma18","LaLom_3",1.74,25.92,"Temp3",19.5
"818","Yellow",1310,2018,"LaLoma","LaLoma18","LaLom_4",0.54,18.6,"Temp3",22.1
"819","Yellow",1299,2018,"LaLoma","LaLoma18","LaLom_5",0.6,17.89,"Temp3",18.7
"820","Yellow",1298,2018,"LaLoma","LaLoma18","LaLom_6",2.74,29.93,"Temp3",18.3
"821","Red",1403,2018,"Palmas","Palm18","Palmas_1",1.16,24.2,"Temp3",19.2
"822","Red",1367,2018,"Palmas","Palm18","Palmas_2",1.71,24.8,"Temp3",22.3
"823","Red",1363,2018,"Palmas","Palm18","Palmas_3",1.43,23.6,"Temp3",21.9
"824","Red",1402,2018,"Palmas","Palm18","Palmas_4",1.51,24,"Temp3",20.8
"825","Red",1390,2018,"Palmas","Palm18","Palmas_5",1.52,25,"Temp3",22.4
"826","Red",1358,2018,"Palmas","Palm18","Palmas_6",1.51,25.7,"Temp3",21.4
"827","Red",1392,2018,"Palmas","Palm18","Palmas_7",1.53,24.8,"Temp3",20.8
"828","Red",1393,2018,"Palmas","Palm18","Palmas_8",1.49,27.3,"Temp3",22.8
"829","Red",1352,2018,"Palmas","Palm18","Palmas_9",1.65,24.9,"Temp3",22
"830","Red",1360,2018,"Palmas","Palm18","Palmas_10",1.23,22.8,"Temp3",21.8
"831","Red",1389,2018,"Palmas","Palm18","Palmas_11",1.5,23.3,"Temp3",19.6
"832","Red",1514,2018,"LagLon","LagLon18","LagLon_1",1.23,23.1,"Temp3",24
"833","Red",1468,2018,"LagLon","LagLon18","LagLon_2",1.31,23.8,"Temp3",19.9
"834","Red",1456,2018,"LagLon","LagLon18","LagLon_3",1.36,24.7,"Temp3",20.4
"835","Red",1433,2018,"LagLon","LagLon18","LagLon_4",1.44,24.8,"Temp3",20.4
"836","Red",1524,2018,"LagLon","LagLon18","LagLon_5",1.46,25.3,"Temp3",23
"837","Red",1492,2018,"LagLon","LagLon18","LagLon_6",1.59,25.9,"Temp3",21.2
"838","Red",1457,2018,"LagLon","LagLon18","LagLon_7",1.6,25,"Temp3",22.7
"839","Red",1454,2018,"LagLon","LagLon18","LagLon_8",1.63,24.1,"Temp3",21.4
"840","Red",1479,2018,"LagLon","LagLon18","LagLon_9",1.65,25.2,"Temp3",21.7
"841","Red",1490,2018,"LagLon","LagLon18","LagLon_10",1.86,27.9,"Temp3",21.6
"842","Red",1523,2018,"LagLon","LagLon18","LagLon_11",1.86,25.8,"Temp3",22.4
"843","Red",1518,2018,"LagLon","LagLon18","LagLon_12",1.91,27.8,"Temp3",21.6
"844","Blue",2109,2018,"AmpLag","AmpLag18","Amp_Lag1",1.95,24.19,"Temp3",21.8
"845","Blue",2101,2018,"AmpLag","AmpLag18","Amp_Lag2",1.3,19.6,"Temp3",21.5
"846","Blue",2089,2018,"AmpLag","AmpLag18","Amp_Lag3",0.95,17.47,"Temp3",18.2
"847","Blue",2184,2018,"AmpLag","AmpLag18","Amp_Lag4",1,18.59,"Temp3",21.8
"848","Blue",2109,2018,"AmpLag","AmpLag18","Amp_Lag5",1.55,20.46,"Temp3",20.6
"849","Blue",2210,2018,"AmpLag","AmpLag18","Amp_Lag6",1.1,19.01,"Temp3",21.6
"850","Blue",2212,2018,"AmpLag","AmpLag18","Amp_Lag7",1.1,19.36,"Temp3",22.4
"851","Blue",2210,2018,"AmpLag","AmpLag18","Amp_Lag8",1.2,18.64,"Temp3",19.8
"852","Blue",2217,2018,"AmpLag","AmpLag18","Amp_Lag9",1.1,17.95,"Temp3",16.5
"853","Blue",2211,2018,"AmpLag","AmpLag18","Amp_Lag10",1.1,18.75,"Temp3",20.8
"854","Blue",2208,2018,"AmpLag","AmpLag18","Amp_Lag11",1.2,19.39,"Temp3",20.9
"855","Blue",2115,2017,"AmpLag","AmpLag17","Amp_Lag9",1.37,22.9,"Temp2",24.7
"856","Blue",2125,2017,"AmpLag","AmpLag17","Amp_Lag10",0.67,18.9,"Temp2",25.6
"857","Blue",2131,2017,"AmpLag","AmpLag17","Amp_Lag11",0.54,17.4,"Temp2",18.2
"858","Blue",2130,2017,"AmpLag","AmpLag17","Amp_Lag12",1.66,26,"Temp2",18.2
"859","Blue",2083,2017,"AmpLag","AmpLag17","Amp_Lag1",1.23,21,"Temp3",22.7
"860","Blue",2115,2017,"AmpLag","AmpLag17","Amp_Lag2",1.63,17,"Temp3",26.3
"861","Blue",2083,2017,"AmpLag","AmpLag17","Amp_Lag3",0.7,19.1,"Temp3",24.8
"862","Blue",2122,2017,"AmpLag","AmpLag17","Amp_Lag4",1.94,25.6,"Temp3",23.5
"863","Blue",2082,2017,"AmpLag","AmpLag17","Amp_Lag5",0.67,17.6,"Temp3",26
"864","Blue",2082,2017,"AmpLag","AmpLag17","Amp_Lag6",0.75,18.7,"Temp3",26
"865","Green",826,2018,"NvaLib","NvaLib18","NvaLib_1",NA,23.73,"Temp4",21.8
"866","Green",842,2018,"NvaLib","NvaLib18","NvaLib_2",NA,30.61,"Temp4",23.3
"867","Green",727,2018,"NvaLib","NvaLib18","NvaLib_3",NA,25.18,"Temp4",24.5
"868","Green",835,2018,"NvaLib","NvaLib18","NvaLib_4",NA,23.34,"Temp4",22.5
"869","Green",828,2018,"NvaLib","NvaLib18","NvaLib_5",NA,23.49,"Temp4",25.9
"870","Green",825,2018,"NvaLib","NvaLib18","NvaLib_6",NA,22.23,"Temp4",25.6
"871","Green",828,2018,"NvaLib","NvaLib18","NvaLib_7",NA,22.67,"Temp4",22
"872","Green",828,2018,"NvaLib","NvaLib18","NvaLib_8",NA,24.82,"Temp4",25.2
"873","Green",846,2018,"NvaLib","NvaLib18","NvaLib_9",NA,22.95,"Temp4",23.5
"874","Green",824,2018,"NvaLib","NvaLib18","NvaLib_10",NA,24.5,"Temp4",25
"875","Orange",700,2018,"Palestina","Pales18","Pal_1",1.2,24.01,"Temp4",21.9
"876","Orange",751,2018,"Palestina","Pales18","Pal_2",1.17,23.2,"Temp4",21.6
"877","Orange",746,2018,"Palestina","Pales18","Pal_3",0.97,23.14,"Temp4",24.6
"878","Orange",736,2018,"Palestina","Pales18","Pal_4",1.5,25.99,"Temp4",22
"879","Orange",733,2018,"Palestina","Pales18","Pal_5",1.31,23.69,"Temp4",23.5
"880","Orange",722,2018,"Palestina","Pales18","Pal_6",1.13,20.76,"Temp4",22.9
"881","Orange",728,2018,"Palestina","Pales18","Pal_7",1.6,26.43,"Temp4",22.9
"882","Orange",751,2018,"Palestina","Pales18","Pal_8",1.02,22.68,"Temp4",20.9
"883","Orange",752,2018,"Palestina","Pales18","Pal_9",1.24,24.25,"Temp4",23.2
"884","Orange",750,2018,"Palestina","Pales18","Pal_10",1.21,23.82,"Temp4",24.3
"885","Orange",810,2018,"SalUrb","SalUrb18","SalUrb_1",0.95,22.81,"Temp4",18.5
"886","Orange",815,2018,"SalUrb","SalUrb18","SalUrb_2",1.49,24.49,"Temp4",20.3
"887","Orange",812,2018,"SalUrb","SalUrb18","SalUrb_3",1.36,24.41,"Temp4",19.2
"888","Orange",790,2018,"SalUrb","SalUrb18","SalUrb_4",1.11,23.63,"Temp4",19.1
"889","Orange",891,2018,"SalUrb","SalUrb18","SalUrb_5",1.18,24.43,"Temp4",NA
"890","Orange",874,2018,"SalUrb","SalUrb18","SalUrb_6",1.27,24.08,"Temp4",20.8
"891","Orange",883,2018,"SalUrb","SalUrb18","SalUrb_7",1.32,24.9,"Temp4",19.2
"892","Orange",804,2018,"SalUrb","SalUrb18","SalUrb_8",1.29,22.86,"Temp4",18.5
"893","Orange",854,2018,"SalUrb","SalUrb18","SalUrb_9",1.51,25.48,"Temp4",21
"894","Orange",786,2018,"SalUrb","SalUrb18","SalUrb_10",1.27,23.37,"Temp4",18.3
"895","Yellow",1135,2018,"NBI","NBI18","NBravo_1",1.31,24.6,"Temp4",19.8
"896","Yellow",1087,2018,"NBI","NBI18","NBravo_2",1.14,24,"Temp4",20.8
"897","Yellow",1083,2018,"NBI","NBI18","NBravo_3",1.18,25.2,"Temp4",20.3
"898","Yellow",1144,2018,"NBI","NBI18","NBravo_4",1.12,22.4,"Temp4",20.9
"899","Yellow",1147,2018,"NBI","NBI18","NBravo_5",1.37,24.5,"Temp4",17.3
"900","Yellow",1193,2018,"NBI","NBI18","NBravo_6",1.22,22.8,"Temp4",18.8
"901","Yellow",1122,2018,"NBI","NBI18","NBravo_7",1.34,25.7,"Temp4",21.2
"902","Yellow",1130,2018,"NBI","NBI18","NBravo_8",1.36,25.4,"Temp4",21.2
"903","Yellow",1063,2018,"NBI","NBI18","NBravo_9",1.29,23.8,"Temp4",22.2
"904","Yellow",1127,2018,"NBI","NBI18","NBravo_10",1.56,27.4,"Temp4",20.3
"905","Yellow",1151,2018,"NBI","NBI18","NBravo_11",1.46,26,"Temp4",20.7
"906","Yellow",1199,2018,"NBI","NBI18","NBravo_12",1.94,27.69,"Temp4",19.9
"907","Yellow",1295,2018,"CINLib","CINLib18","CINvLib1",1.37,25.49,"Temp4",22.1
"908","Yellow",1291,2018,"CINLib","CINLib18","CINvLib2",1.03,22.64,"Temp4",24.6
"909","Yellow",1282,2018,"CINLib","CINLib18","CINvLib3",1.12,25.13,"Temp4",23
"910","Yellow",1268,2018,"CINLib","CINLib18","CINvLib4",1.05,24.67,"Temp4",26.7
"911","Yellow",1253,2018,"CINLib","CINLib18","CINvLib5",1.05,24.74,"Temp4",19.8
"912","Yellow",1201,2018,"CINLib","CINLib18","CINvLib6",1.13,25.53,"Temp4",22.9
"913","Yellow",1182,2018,"CINLib","CINLib18","CINvLib7",0.96,24.37,"Temp4",23.8
"914","Yellow",1155,2018,"CINLib","CINLib18","CINvLib8",0.84,23.05,"Temp4",23.5
"915","Yellow",1130,2018,"CINLib","CINLib18","CINvLib9",1.22,24.91,"Temp4",25.3
"916","Yellow",1125,2018,"CINLib","CINLib18","CINvLib10",0.69,22.25,"Temp4",23.9
"917","Yellow",1086,2018,"CINLib","CINLib18","CINvLib11",1.28,25.67,"Temp4",24.6
"918","Yellow",1300,2018,"LaLoma","LaLoma18","LaLom_1",1.61,25.31,"Temp4",20.5
"919","Yellow",1299,2018,"LaLoma","LaLoma18","LaLom_2",1.13,22.71,"Temp4",20.8
"920","Yellow",1295,2018,"LaLoma","LaLoma18","LaLom_3",1.74,25.92,"Temp4",19.8
"921","Yellow",1310,2018,"LaLoma","LaLoma18","LaLom_4",0.54,18.6,"Temp4",20.2
"922","Yellow",1299,2018,"LaLoma","LaLoma18","LaLom_5",0.6,17.89,"Temp4",19.3
"923","Yellow",1298,2018,"LaLoma","LaLoma18","LaLom_6",2.74,29.93,"Temp4",19.1
"924","Red",1403,2018,"Palmas","Palm18","Palmas_1",1.16,24.2,"Temp4",20.1
"925","Red",1367,2018,"Palmas","Palm18","Palmas_2",1.71,24.8,"Temp4",21.9
"926","Red",1363,2018,"Palmas","Palm18","Palmas_3",1.43,23.6,"Temp4",22
"927","Red",1402,2018,"Palmas","Palm18","Palmas_4",1.51,24,"Temp4",22.7
"928","Red",1390,2018,"Palmas","Palm18","Palmas_5",1.52,25,"Temp4",21.6
"929","Red",1358,2018,"Palmas","Palm18","Palmas_6",1.51,25.7,"Temp4",22.8
"930","Red",1392,2018,"Palmas","Palm18","Palmas_7",1.53,24.8,"Temp4",20.2
"931","Red",1393,2018,"Palmas","Palm18","Palmas_8",1.49,27.3,"Temp4",21.5
"932","Red",1352,2018,"Palmas","Palm18","Palmas_9",1.65,24.9,"Temp4",19.5
"933","Red",1360,2018,"Palmas","Palm18","Palmas_10",1.23,22.8,"Temp4",20.9
"934","Red",1389,2018,"Palmas","Palm18","Palmas_11",1.5,23.3,"Temp4",22.4
"935","Red",1514,2018,"LagLon","LagLon18","LagLon_1",1.23,23.1,"Temp4",22.6
"936","Red",1468,2018,"LagLon","LagLon18","LagLon_2",1.31,23.8,"Temp4",22.2
"937","Red",1456,2018,"LagLon","LagLon18","LagLon_3",1.36,24.7,"Temp4",22.6
"938","Red",1433,2018,"LagLon","LagLon18","LagLon_4",1.44,24.8,"Temp4",22
"939","Red",1524,2018,"LagLon","LagLon18","LagLon_5",1.46,25.3,"Temp4",22.6
"940","Red",1492,2018,"LagLon","LagLon18","LagLon_6",1.59,25.9,"Temp4",19.7
"941","Red",1457,2018,"LagLon","LagLon18","LagLon_7",1.6,25,"Temp4",22.8
"942","Red",1454,2018,"LagLon","LagLon18","LagLon_8",1.63,24.1,"Temp4",19.8
"943","Red",1479,2018,"LagLon","LagLon18","LagLon_9",1.65,25.2,"Temp4",19.8
"944","Red",1490,2018,"LagLon","LagLon18","LagLon_10",1.86,27.9,"Temp4",20.8
"945","Red",1523,2018,"LagLon","LagLon18","LagLon_11",1.86,25.8,"Temp4",21.2
"946","Red",1518,2018,"LagLon","LagLon18","LagLon_12",1.91,27.8,"Temp4",22.6
"947","Blue",2109,2018,"AmpLag","AmpLag18","Amp_Lag1",1.95,24.19,"Temp4",21.3
"948","Blue",2101,2018,"AmpLag","AmpLag18","Amp_Lag2",1.3,19.6,"Temp4",21.8
"949","Blue",2089,2018,"AmpLag","AmpLag18","Amp_Lag3",0.95,17.47,"Temp4",20.5
"950","Blue",2184,2018,"AmpLag","AmpLag18","Amp_Lag4",1,18.59,"Temp4",21.6
"951","Blue",2109,2018,"AmpLag","AmpLag18","Amp_Lag5",1.55,20.46,"Temp4",22.6
"952","Blue",2210,2018,"AmpLag","AmpLag18","Amp_Lag6",1.1,19.01,"Temp4",21.6
"953","Blue",2212,2018,"AmpLag","AmpLag18","Amp_Lag7",1.1,19.36,"Temp4",20.7
"954","Blue",2210,2018,"AmpLag","AmpLag18","Amp_Lag8",1.2,18.64,"Temp4",16.7
"955","Blue",2217,2018,"AmpLag","AmpLag18","Amp_Lag9",1.1,17.95,"Temp4",20.8
"956","Blue",2211,2018,"AmpLag","AmpLag18","Amp_Lag10",1.1,18.75,"Temp4",23
"957","Blue",2208,2018,"AmpLag","AmpLag18","Amp_Lag11",1.2,19.39,"Temp4",20
"958","Blue",2103,2017,"AmpLag","AmpLag17","Amp_Lag7",1.7,25.3,"Temp3",25.8
"959","Blue",2126,2017,"AmpLag","AmpLag17","Amp_Lag8",1.89,26.5,"Temp3",25.4
"960","Blue",2115,2017,"AmpLag","AmpLag17","Amp_Lag9",1.37,22.9,"Temp3",25.7
"961","Blue",2125,2017,"AmpLag","AmpLag17","Amp_Lag10",0.67,18.9,"Temp3",25.7
"962","Blue",2131,2017,"AmpLag","AmpLag17","Amp_Lag11",0.54,17.4,"Temp3",29.3
"963","Blue",2130,2017,"AmpLag","AmpLag17","Amp_Lag12",1.66,26,"Temp3",27.3
"964","Blue",2083,2017,"AmpLag","AmpLag17","Amp_Lag1",1.23,21,"Temp4",24.2
"965","Blue",2115,2017,"AmpLag","AmpLag17","Amp_Lag2",1.63,17,"Temp4",24.9
"966","Blue",2083,2017,"AmpLag","AmpLag17","Amp_Lag3",0.7,19.1,"Temp4",24
"967","Blue",2122,2017,"AmpLag","AmpLag17","Amp_Lag4",1.94,25.6,"Temp4",23.3
"968","Green",826,2018,"NvaLib","NvaLib18","NvaLib_1",NA,23.73,"Temp5",26
"969","Green",842,2018,"NvaLib","NvaLib18","NvaLib_2",NA,30.61,"Temp5",22.8
"970","Green",727,2018,"NvaLib","NvaLib18","NvaLib_3",NA,25.18,"Temp5",22
"971","Green",835,2018,"NvaLib","NvaLib18","NvaLib_4",NA,23.34,"Temp5",26.3
"972","Green",828,2018,"NvaLib","NvaLib18","NvaLib_5",NA,23.49,"Temp5",27.3
"973","Green",825,2018,"NvaLib","NvaLib18","NvaLib_6",NA,22.23,"Temp5",19.6
"974","Green",828,2018,"NvaLib","NvaLib18","NvaLib_7",NA,22.67,"Temp5",24.2
"975","Green",828,2018,"NvaLib","NvaLib18","NvaLib_8",NA,24.82,"Temp5",20.5
"976","Green",846,2018,"NvaLib","NvaLib18","NvaLib_9",NA,22.95,"Temp5",23.8
"977","Green",824,2018,"NvaLib","NvaLib18","NvaLib_10",NA,24.5,"Temp5",26
"978","Orange",700,2018,"Palestina","Pales18","Pal_1",1.2,24.01,"Temp5",20.1
"979","Orange",751,2018,"Palestina","Pales18","Pal_2",1.17,23.2,"Temp5",21.8
"980","Orange",746,2018,"Palestina","Pales18","Pal_3",0.97,23.14,"Temp5",20.8
"981","Orange",736,2018,"Palestina","Pales18","Pal_4",1.5,25.99,"Temp5",21.3
"982","Orange",733,2018,"Palestina","Pales18","Pal_5",1.31,23.69,"Temp5",22.5
"983","Orange",722,2018,"Palestina","Pales18","Pal_6",1.13,20.76,"Temp5",20.9
"984","Orange",728,2018,"Palestina","Pales18","Pal_7",1.6,26.43,"Temp5",21.4
"985","Orange",751,2018,"Palestina","Pales18","Pal_8",1.02,22.68,"Temp5",22.1
"986","Orange",752,2018,"Palestina","Pales18","Pal_9",1.24,24.25,"Temp5",22.6
"987","Orange",750,2018,"Palestina","Pales18","Pal_10",1.21,23.82,"Temp5",20.9
"988","Orange",810,2018,"SalUrb","SalUrb18","SalUrb_1",0.95,22.81,"Temp5",21.6
"989","Orange",815,2018,"SalUrb","SalUrb18","SalUrb_2",1.49,24.49,"Temp5",21.6
"990","Orange",812,2018,"SalUrb","SalUrb18","SalUrb_3",1.36,24.41,"Temp5",NA
"991","Orange",790,2018,"SalUrb","SalUrb18","SalUrb_4",1.11,23.63,"Temp5",21.3
"992","Orange",891,2018,"SalUrb","SalUrb18","SalUrb_5",1.18,24.43,"Temp5",NA
"993","Orange",874,2018,"SalUrb","SalUrb18","SalUrb_6",1.27,24.08,"Temp5",18.5
"994","Orange",883,2018,"SalUrb","SalUrb18","SalUrb_7",1.32,24.9,"Temp5",21.2
"995","Orange",804,2018,"SalUrb","SalUrb18","SalUrb_8",1.29,22.86,"Temp5",20.5
"996","Orange",854,2018,"SalUrb","SalUrb18","SalUrb_9",1.51,25.48,"Temp5",20
"997","Orange",786,2018,"SalUrb","SalUrb18","SalUrb_10",1.27,23.37,"Temp5",19.5
"998","Yellow",1135,2018,"NBI","NBI18","NBravo_1",1.31,24.6,"Temp5",15.5
"999","Yellow",1087,2018,"NBI","NBI18","NBravo_2",1.14,24,"Temp5",23.8
"1000","Yellow",1083,2018,"NBI","NBI18","NBravo_3",1.18,25.2,"Temp5",18.8
"1001","Yellow",1144,2018,"NBI","NBI18","NBravo_4",1.12,22.4,"Temp5",17.3
"1002","Yellow",1147,2018,"NBI","NBI18","NBravo_5",1.37,24.5,"Temp5",20.9
"1003","Yellow",1193,2018,"NBI","NBI18","NBravo_6",1.22,22.8,"Temp5",21
"1004","Yellow",1122,2018,"NBI","NBI18","NBravo_7",1.34,25.7,"Temp5",21.5
"1005","Yellow",1130,2018,"NBI","NBI18","NBravo_8",1.36,25.4,"Temp5",20
"1006","Yellow",1063,2018,"NBI","NBI18","NBravo_9",1.29,23.8,"Temp5",19.7
"1007","Yellow",1127,2018,"NBI","NBI18","NBravo_10",1.56,27.4,"Temp5",20.4
"1008","Yellow",1151,2018,"NBI","NBI18","NBravo_11",1.46,26,"Temp5",21.1
"1009","Yellow",1199,2018,"NBI","NBI18","NBravo_12",1.94,27.69,"Temp5",20.4
"1010","Yellow",1295,2018,"CINLib","CINLib18","CINvLib1",1.37,25.49,"Temp5",22.3
"1011","Yellow",1291,2018,"CINLib","CINLib18","CINvLib2",1.03,22.64,"Temp5",25
"1012","Yellow",1282,2018,"CINLib","CINLib18","CINvLib3",1.12,25.13,"Temp5",23.3
"1013","Yellow",1268,2018,"CINLib","CINLib18","CINvLib4",1.05,24.67,"Temp5",24
"1014","Yellow",1253,2018,"CINLib","CINLib18","CINvLib5",1.05,24.74,"Temp5",21.6
"1015","Yellow",1201,2018,"CINLib","CINLib18","CINvLib6",1.13,25.53,"Temp5",22.7
"1016","Yellow",1182,2018,"CINLib","CINLib18","CINvLib7",0.96,24.37,"Temp5",23
"1017","Yellow",1155,2018,"CINLib","CINLib18","CINvLib8",0.84,23.05,"Temp5",24.1
"1018","Yellow",1130,2018,"CINLib","CINLib18","CINvLib9",1.22,24.91,"Temp5",23.8
"1019","Yellow",1125,2018,"CINLib","CINLib18","CINvLib10",0.69,22.25,"Temp5",23.7
"1020","Yellow",1086,2018,"CINLib","CINLib18","CINvLib11",1.28,25.67,"Temp5",23.8
"1021","Yellow",1300,2018,"LaLoma","LaLoma18","LaLom_1",1.61,25.31,"Temp5",18.3
"1022","Yellow",1299,2018,"LaLoma","LaLoma18","LaLom_2",1.13,22.71,"Temp5",18.9
"1023","Yellow",1295,2018,"LaLoma","LaLoma18","LaLom_3",1.74,25.92,"Temp5",18.1
"1024","Yellow",1310,2018,"LaLoma","LaLoma18","LaLom_4",0.54,18.6,"Temp5",20.3
"1025","Yellow",1299,2018,"LaLoma","LaLoma18","LaLom_5",0.6,17.89,"Temp5",18.3
"1026","Yellow",1298,2018,"LaLoma","LaLoma18","LaLom_6",2.74,29.93,"Temp5",18.9
"1027","Red",1403,2018,"Palmas","Palm18","Palmas_1",1.16,24.2,"Temp5",20.4
"1028","Red",1367,2018,"Palmas","Palm18","Palmas_2",1.71,24.8,"Temp5",21.2
"1029","Red",1363,2018,"Palmas","Palm18","Palmas_3",1.43,23.6,"Temp5",18.2
"1030","Red",1402,2018,"Palmas","Palm18","Palmas_4",1.51,24,"Temp5",20.6
"1031","Red",1390,2018,"Palmas","Palm18","Palmas_5",1.52,25,"Temp5",16.8
"1032","Red",1358,2018,"Palmas","Palm18","Palmas_6",1.51,25.7,"Temp5",22.7
"1033","Red",1392,2018,"Palmas","Palm18","Palmas_7",1.53,24.8,"Temp5",19.8
"1034","Red",1393,2018,"Palmas","Palm18","Palmas_8",1.49,27.3,"Temp5",21.3
"1035","Red",1352,2018,"Palmas","Palm18","Palmas_9",1.65,24.9,"Temp5",19.6
"1036","Red",1360,2018,"Palmas","Palm18","Palmas_10",1.23,22.8,"Temp5",20.6
"1037","Red",1389,2018,"Palmas","Palm18","Palmas_11",1.5,23.3,"Temp5",22.3
"1038","Red",1514,2018,"LagLon","LagLon18","LagLon_1",1.23,23.1,"Temp5",22.3
"1039","Red",1468,2018,"LagLon","LagLon18","LagLon_2",1.31,23.8,"Temp5",21.9
"1040","Red",1456,2018,"LagLon","LagLon18","LagLon_3",1.36,24.7,"Temp5",20.8
"1041","Red",1433,2018,"LagLon","LagLon18","LagLon_4",1.44,24.8,"Temp5",21.5
"1042","Red",1524,2018,"LagLon","LagLon18","LagLon_5",1.46,25.3,"Temp5",19.9
"1043","Red",1492,2018,"LagLon","LagLon18","LagLon_6",1.59,25.9,"Temp5",20.2
"1044","Red",1457,2018,"LagLon","LagLon18","LagLon_7",1.6,25,"Temp5",19.8
"1045","Red",1454,2018,"LagLon","LagLon18","LagLon_8",1.63,24.1,"Temp5",20.2
"1046","Red",1479,2018,"LagLon","LagLon18","LagLon_9",1.65,25.2,"Temp5",21.5
"1047","Red",1490,2018,"LagLon","LagLon18","LagLon_10",1.86,27.9,"Temp5",20
"1048","Red",1523,2018,"LagLon","LagLon18","LagLon_11",1.86,25.8,"Temp5",22.8
"1049","Red",1518,2018,"LagLon","LagLon18","LagLon_12",1.91,27.8,"Temp5",22.8
"1050","Blue",2109,2018,"AmpLag","AmpLag18","Amp_Lag1",1.95,24.19,"Temp5",20.6
"1051","Blue",2101,2018,"AmpLag","AmpLag18","Amp_Lag2",1.3,19.6,"Temp5",18.9
"1052","Blue",2089,2018,"AmpLag","AmpLag18","Amp_Lag3",0.95,17.47,"Temp5",19.9
"1053","Blue",2184,2018,"AmpLag","AmpLag18","Amp_Lag4",1,18.59,"Temp5",19.9
"1054","Blue",2109,2018,"AmpLag","AmpLag18","Amp_Lag5",1.55,20.46,"Temp5",20.4
"1055","Blue",2210,2018,"AmpLag","AmpLag18","Amp_Lag6",1.1,19.01,"Temp5",20.6
"1056","Blue",2212,2018,"AmpLag","AmpLag18","Amp_Lag7",1.1,19.36,"Temp5",19.7
"1057","Blue",2210,2018,"AmpLag","AmpLag18","Amp_Lag8",1.2,18.64,"Temp5",21.3
"1058","Blue",2217,2018,"AmpLag","AmpLag18","Amp_Lag9",1.1,17.95,"Temp5",20.7
"1059","Blue",2211,2018,"AmpLag","AmpLag18","Amp_Lag10",1.1,18.75,"Temp5",20.1
"1060","Blue",2208,2018,"AmpLag","AmpLag18","Amp_Lag11",1.2,19.39,"Temp5",20
"1061","Blue",2082,2017,"AmpLag","AmpLag17","Amp_Lag5",0.67,17.6,"Temp4",25.2
"1062","Blue",2082,2017,"AmpLag","AmpLag17","Amp_Lag6",0.75,18.7,"Temp4",24
"1063","Blue",2103,2017,"AmpLag","AmpLag17","Amp_Lag7",1.7,25.3,"Temp4",24.8
"1064","Blue",2126,2017,"AmpLag","AmpLag17","Amp_Lag8",1.89,26.5,"Temp4",19.2
"1065","Blue",2115,2017,"AmpLag","AmpLag17","Amp_Lag9",1.37,22.9,"Temp4",24
"1066","Blue",2125,2017,"AmpLag","AmpLag17","Amp_Lag10",0.67,18.9,"Temp4",24.6
"1067","Blue",2131,2017,"AmpLag","AmpLag17","Amp_Lag11",0.54,17.4,"Temp4",24.2
"1068","Blue",2130,2017,"AmpLag","AmpLag17","Amp_Lag12",1.66,26,"Temp4",27.3
"1069","Blue",2083,2017,"AmpLag","AmpLag17","Amp_Lag1",1.23,21,"Temp5",24.4
"1070","Blue",2115,2017,"AmpLag","AmpLag17","Amp_Lag2",1.63,17,"Temp5",24
