"","Domain","Elevation","Year","Pop","Pop2","Indv","n","Temperature"
"1","Green",251,2017,"GNBII","GNBII17","GnalNBII_1","Temp1",23.2
"2","Green",264,2017,"GNBII","GNBII17","GnalNBII_2","Temp1",20.4
"3","Green",242,2017,"GNBII","GNBII17","GnalNBII_3","Temp1",21
"4","Green",250,2017,"GNBII","GNBII17","GnalNBII_4","Temp1",20
"5","Green",242,2017,"GNBII","GNBII17","GnalNBII_5","Temp1",20.9
"6","Green",263,2017,"GNBII","GNBII17","GnalNBII_6","Temp1",21.8
"7","Green",247,2017,"GNBII","GNBII17","GnalNBII_7","Temp1",20.4
"8","Green",230,2017,"GNBII","GNBII17","GnalNBII_8","Temp1",20.1
"9","Green",247,2017,"GNBII","GNBII17","GnalNBII_9","Temp1",22.4
"10","Green",247,2017,"GNBII","GNBII17","GnalNBII_10","Temp1",20.1
"11","Green",293,2017,"SatMor","SatMor17","SatMor_1","Temp1",22.6
"12","Green",310,2017,"SatMor","SatMor17","SatMor_2","Temp1",21.5
"13","Green",316,2017,"SatMor","SatMor17","SatMor_3","Temp1",16.5
"14","Green",314,2017,"SatMor","SatMor17","SatMor_4","Temp1",21.9
"15","Green",317,2017,"SatMor","SatMor17","SatMor_5","Temp1",21.6
"16","Green",312,2017,"SatMor","SatMor17","SatMor_6","Temp1",21.9
"17","Green",312,2017,"SatMor","SatMor17","SatMor_7","Temp1",18
"18","Green",305,2017,"SatMor","SatMor17","SatMor_8","Temp1",21.8
"19","Green",307,2017,"SatMor","SatMor17","SatMor_9","Temp1",24.5
"20","Green",307,2017,"SatMor","SatMor17","SatMor_10","Temp1",22.7
"21","Green",717,2017,"NvaLib","NvaLib17","NvaLib_1","Temp1",20
"22","Green",721,2017,"NvaLib","NvaLib17","NvaLib_2","Temp1",20.2
"23","Green",721,2017,"NvaLib","NvaLib17","NvaLib_3","Temp1",19.6
"24","Green",721,2017,"NvaLib","NvaLib17","NvaLib_4","Temp1",22.9
"25","Green",718,2017,"NvaLib","NvaLib17","NvaLib_5","Temp1",NA
"26","Green",713,2017,"NvaLib","NvaLib17","NvaLib_6","Temp1",19.4
"27","Green",688,2017,"NvaLib","NvaLib17","NvaLib_7","Temp1",21.5
"28","Green",723,2017,"NvaLib","NvaLib17","NvaLib_8","Temp1",22.5
"29","Green",727,2017,"NvaLib","NvaLib17","NvaLib_9","Temp1",20.6
"30","Green",747,2017,"NvaLib","NvaLib17","NvaLib_10","Temp1",24
"31","Green",729,2017,"NvaLib","NvaLib17","NvaLib_11","Temp1",26.5
"32","Orange",794,2017,"PlanLib","PlanLib17","PlanLib_1","Temp1",19.2
"33","Orange",868,2017,"PlanLib","PlanLib17","PlanLib_2","Temp1",19.2
"34","Orange",868,2017,"PlanLib","PlanLib17","PlanLib_3","Temp1",16.9
"35","Orange",921,2017,"PlanLib","PlanLib17","PlanLib_4","Temp1",19.1
"36","Orange",928,2017,"PlanLib","PlanLib17","PlanLib_5","Temp1",24.3
"37","Orange",930,2017,"PlanLib","PlanLib17","PlanLib_6","Temp1",19.7
"38","Orange",927,2017,"PlanLib","PlanLib17","PlanLib_7","Temp1",19
"39","Orange",922,2017,"PlanLib","PlanLib17","PlanLib_8","Temp1",22.5
"40","Orange",909,2017,"PlanLib","PlanLib17","PlanLib_9","Temp1",19
"41","Orange",916,2017,"PlanLib","PlanLib17","PlanLib_10","Temp1",22
"42","Orange",922,2017,"PlanLib","PlanLib17","PlanLib_11","Temp1",18.3
"43","Orange",924,2017,"PlanLib","PlanLib17","PlanLib_12","Temp1",20.2
"44","Orange",1083,2017,"ArrNeg","ArrNeg17","ArrNeg_1","Temp1",24
"45","Orange",1093,2017,"ArrNeg","ArrNeg17","ArrNeg_2","Temp1",21
"46","Orange",1083,2017,"ArrNeg","ArrNeg17","ArrNeg_3","Temp1",22.2
"47","Orange",1093,2017,"ArrNeg","ArrNeg17","ArrNeg_4","Temp1",21.5
"48","Orange",1009,2017,"ArrNeg","ArrNeg17","ArrNeg_5","Temp1",22.3
"49","Orange",1075,2017,"ArrNeg","ArrNeg17","ArrNeg_6","Temp1",23.7
"50","Orange",1076,2017,"ArrNeg","ArrNeg17","ArrNeg_7","Temp1",22.7
"51","Yellow",1262,2017,"CINvaLib","CINvaLib17","CINvLib1","Temp1",24.9
"52","Yellow",1256,2017,"CINvaLib","CINvaLib17","CINvLib2","Temp1",24.8
"53","Yellow",1048,2017,"CINvaLib","CINvaLib17","CINvLib3","Temp1",25
"54","Yellow",1030,2017,"CINvaLib","CINvaLib17","CINvLib4","Temp1",24.1
"55","Yellow",1227,2017,"CINvaLib","CINvaLib17","CINvLib5","Temp1",24.2
"56","Yellow",1151,2017,"CINvaLib","CINvaLib17","CINvLib6","Temp1",24.2
"57","Yellow",1150,2017,"CINvaLib","CINvaLib17","CINvLib7","Temp1",24.2
"58","Yellow",1150,2017,"CINvaLib","CINvaLib17","CINvLib8","Temp1",25.4
"59","Yellow",1168,2017,"CINvaLib","CINvaLib17","CINvLib9","Temp1",23.6
"60","Yellow",1207,2017,"CINvaLib","CINvaLib17","CINvLib10","Temp1",24.3
"61","Yellow",1194,2017,"CINvaLib","CINvaLib17","CINvLib11","Temp1",24.8
"62","Yellow",1150,2017,"CINvaLib","CINvaLib17","CINvLib12","Temp1",25.5
"63","Yellow",1169,2017,"NBI","NBI17","NBravo_1","Temp1",17
"64","Yellow",1170,2017,"NBI","NBI17","NBravo_2","Temp1",17.2
"65","Yellow",1186,2017,"NBI","NBI17","NBravo_3","Temp1",18.9
"66","Yellow",1162,2017,"NBI","NBI17","NBravo_4","Temp1",19.6
"67","Yellow",1162,2017,"NBI","NBI17","NBravo_5","Temp1",16.8
"68","Yellow",1142,2017,"NBI","NBI17","NBravo_6","Temp1",NA
"69","Yellow",1181,2017,"NBI","NBI17","NBravo_7","Temp1",19.6
"70","Yellow",1184,2017,"NBI","NBI17","NBravo_8","Temp1",21.6
"71","Yellow",1136,2017,"NBI","NBI17","NBravo_9","Temp1",17.9
"72","Yellow",1116,2017,"NBI","NBI17","NBravo_10","Temp1",19.3
"73","Yellow",1304,2017,"LaLoma","LaLoma17","LaLom_1","Temp1",22.1
"74","Yellow",1304,2017,"LaLoma","LaLoma17","LaLom_2","Temp1",22.5
"75","Yellow",1304,2017,"LaLoma","LaLoma17","LaLom_3","Temp1",23
"76","Yellow",1300,2017,"LaLoma","LaLoma17","LaLom_4","Temp1",23.9
"77","Yellow",1300,2017,"LaLoma","LaLoma17","LaLom_5","Temp1",22.5
"78","Yellow",1296,2017,"LaLoma","LaLoma17","LaLom_6","Temp1",NA
"79","Yellow",1300,2017,"LaLoma","LaLoma17","LaLom_7","Temp1",24.5
"80","Yellow",1309,2017,"LaLoma","LaLoma17","LaLom_8","Temp1",24.4
"81","Yellow",1305,2017,"LaLoma","LaLoma17","LaLom_9","Temp1",22.2
"82","Yellow",1310,2017,"LaLoma","LaLoma17","LaLom_10","Temp1",21.9
"83","Red",1509,2017,"RLFlor","RLFlor17","RLaFlor_1","Temp1",24.6
"84","Red",1508,2017,"RLFlor","RLFlor17","RLaFlor_2","Temp1",24.9
"85","Red",1509,2017,"RLFlor","RLFlor17","RLaFlor_3","Temp1",22.7
"86","Red",1508,2017,"RLFlor","RLFlor17","RLaFlor_4","Temp1",24.6
"87","Red",1508,2017,"RLFlor","RLFlor17","RLaFlor_5","Temp1",23.3
"88","Red",1512,2017,"RLFlor","RLFlor17","RLaFlor_6","Temp1",21.6
"89","Red",1516,2017,"RLFlor","RLFlor17","RLaFlor_7","Temp1",23.3
"90","Red",1519,2017,"RLFlor","RLFlor17","RLaFlor_8","Temp1",23.6
"91","Red",1520,2017,"RLFlor","RLFlor17","RLaFlor_9","Temp1",25.8
"92","Red",1520,2017,"RLFlor","RLFlor17","RLaFlor_10","Temp1",23.5
"93","Blue",2116,2017,"AmpLag","AmpLag17","Amp_Lag1","Temp1",22.9
"94","Blue",2115,2017,"AmpLag","AmpLag17","Amp_Lag2","Temp1",22.5
"95","Blue",2083,2017,"AmpLag","AmpLag17","Amp_Lag3","Temp1",24.9
"96","Blue",2083,2017,"AmpLag","AmpLag17","Amp_Lag4","Temp1",27.5
"97","Blue",2082,2017,"AmpLag","AmpLag17","Amp_Lag5","Temp1",23.8
"98","Blue",2125,2017,"AmpLag","AmpLag17","Amp_Lag6","Temp1",25.7
"99","Blue",2126,2017,"AmpLag","AmpLag17","Amp_Lag7","Temp1",23.7
"100","Blue",2122,2017,"AmpLag","AmpLag17","Amp_Lag8","Temp1",25.8
"101","Blue",2125,2017,"AmpLag","AmpLag17","Amp_Lag9","Temp1",27.2
"102","Blue",2103,2017,"AmpLag","AmpLag17","Amp_Lag10","Temp1",25.5
"103","Blue",2131,2017,"AmpLag","AmpLag17","Amp_Lag11","Temp1",26.2
"104","Blue",2130,2017,"AmpLag","AmpLag17","Amp_Lag12","Temp1",28.9
"105","Green",251,2017,"GNBII","GNBII17","GnalNBII_1","Temp2",20.1
"106","Green",264,2017,"GNBII","GNBII17","GnalNBII_2","Temp2",21
"107","Green",242,2017,"GNBII","GNBII17","GnalNBII_3","Temp2",21.6
"108","Green",250,2017,"GNBII","GNBII17","GnalNBII_4","Temp2",20.2
"109","Green",242,2017,"GNBII","GNBII17","GnalNBII_5","Temp2",20
"110","Green",263,2017,"GNBII","GNBII17","GnalNBII_6","Temp2",20.2
"111","Green",247,2017,"GNBII","GNBII17","GnalNBII_7","Temp2",20.3
"112","Green",230,2017,"GNBII","GNBII17","GnalNBII_8","Temp2",20.8
"113","Green",247,2017,"GNBII","GNBII17","GnalNBII_9","Temp2",25
"114","Green",247,2017,"GNBII","GNBII17","GnalNBII_10","Temp2",21.2
"115","Green",293,2017,"SatMor","SatMor17","SatMor_1","Temp2",24.2
"116","Green",310,2017,"SatMor","SatMor17","SatMor_2","Temp2",23.5
"117","Green",316,2017,"SatMor","SatMor17","SatMor_3","Temp2",24.3
"118","Green",314,2017,"SatMor","SatMor17","SatMor_4","Temp2",23
"119","Green",317,2017,"SatMor","SatMor17","SatMor_5","Temp2",23.7
"120","Green",312,2017,"SatMor","SatMor17","SatMor_6","Temp2",21.9
"121","Green",312,2017,"SatMor","SatMor17","SatMor_7","Temp2",19.8
"122","Green",305,2017,"SatMor","SatMor17","SatMor_8","Temp2",21.8
"123","Green",307,2017,"SatMor","SatMor17","SatMor_9","Temp2",22.7
"124","Green",307,2017,"SatMor","SatMor17","SatMor_10","Temp2",25.8
"125","Green",717,2017,"NvaLib","NvaLib17","NvaLib_1","Temp2",18.1
"126","Green",721,2017,"NvaLib","NvaLib17","NvaLib_2","Temp2",20.3
"127","Green",721,2017,"NvaLib","NvaLib17","NvaLib_3","Temp2",22.6
"128","Green",721,2017,"NvaLib","NvaLib17","NvaLib_4","Temp2",20.4
"129","Green",718,2017,"NvaLib","NvaLib17","NvaLib_5","Temp2",20.5
"130","Green",713,2017,"NvaLib","NvaLib17","NvaLib_6","Temp2",21.6
"131","Green",688,2017,"NvaLib","NvaLib17","NvaLib_7","Temp2",21.8
"132","Green",723,2017,"NvaLib","NvaLib17","NvaLib_8","Temp2",23.6
"133","Green",727,2017,"NvaLib","NvaLib17","NvaLib_9","Temp2",26.6
"134","Green",747,2017,"NvaLib","NvaLib17","NvaLib_10","Temp2",22.5
"135","Green",729,2017,"NvaLib","NvaLib17","NvaLib_11","Temp2",17.1
"136","Orange",794,2017,"PlanLib","PlanLib17","PlanLib_1","Temp2",19.7
"137","Orange",868,2017,"PlanLib","PlanLib17","PlanLib_2","Temp2",21.3
"138","Orange",868,2017,"PlanLib","PlanLib17","PlanLib_3","Temp2",23.3
"139","Orange",921,2017,"PlanLib","PlanLib17","PlanLib_4","Temp2",23.2
"140","Orange",928,2017,"PlanLib","PlanLib17","PlanLib_5","Temp2",24.8
"141","Orange",930,2017,"PlanLib","PlanLib17","PlanLib_6","Temp2",19.6
"142","Orange",927,2017,"PlanLib","PlanLib17","PlanLib_7","Temp2",19.9
"143","Orange",922,2017,"PlanLib","PlanLib17","PlanLib_8","Temp2",21.8
"144","Orange",909,2017,"PlanLib","PlanLib17","PlanLib_9","Temp2",22.8
"145","Orange",916,2017,"PlanLib","PlanLib17","PlanLib_10","Temp2",24
"146","Orange",922,2017,"PlanLib","PlanLib17","PlanLib_11","Temp2",19.6
"147","Orange",924,2017,"PlanLib","PlanLib17","PlanLib_12","Temp2",22.1
"148","Orange",1083,2017,"ArrNeg","ArrNeg17","ArrNeg_1","Temp2",22.7
"149","Orange",1093,2017,"ArrNeg","ArrNeg17","ArrNeg_2","Temp2",20.5
"150","Orange",1083,2017,"ArrNeg","ArrNeg17","ArrNeg_3","Temp2",22.8
"151","Orange",1093,2017,"ArrNeg","ArrNeg17","ArrNeg_4","Temp2",21.9
"152","Orange",1009,2017,"ArrNeg","ArrNeg17","ArrNeg_5","Temp2",22.3
"153","Orange",1075,2017,"ArrNeg","ArrNeg17","ArrNeg_6","Temp2",17.1
"154","Orange",1076,2017,"ArrNeg","ArrNeg17","ArrNeg_7","Temp2",21.6
"155","Yellow",1262,2017,"CINvaLib","CINvaLib17","CINvLib1","Temp2",NA
"156","Yellow",1256,2017,"CINvaLib","CINvaLib17","CINvLib2","Temp2",25
"157","Yellow",1048,2017,"CINvaLib","CINvaLib17","CINvLib3","Temp2",24.8
"158","Yellow",1030,2017,"CINvaLib","CINvaLib17","CINvLib4","Temp2",25
"159","Yellow",1227,2017,"CINvaLib","CINvaLib17","CINvLib5","Temp2",23.1
"160","Yellow",1151,2017,"CINvaLib","CINvaLib17","CINvLib6","Temp2",22.9
"161","Yellow",1150,2017,"CINvaLib","CINvaLib17","CINvLib7","Temp2",23.3
"162","Yellow",1150,2017,"CINvaLib","CINvaLib17","CINvLib8","Temp2",23.5
"163","Yellow",1168,2017,"CINvaLib","CINvaLib17","CINvLib9","Temp2",23.4
"164","Yellow",1207,2017,"CINvaLib","CINvaLib17","CINvLib10","Temp2",24.8
"165","Yellow",1194,2017,"CINvaLib","CINvaLib17","CINvLib11","Temp2",24.4
"166","Yellow",1150,2017,"CINvaLib","CINvaLib17","CINvLib12","Temp2",24.7
"167","Yellow",1169,2017,"NBI","NBI17","NBravo_1","Temp2",19.5
"168","Yellow",1170,2017,"NBI","NBI17","NBravo_2","Temp2",20.9
"169","Yellow",1186,2017,"NBI","NBI17","NBravo_3","Temp2",18.2
"170","Yellow",1162,2017,"NBI","NBI17","NBravo_4","Temp2",18.6
"171","Yellow",1162,2017,"NBI","NBI17","NBravo_5","Temp2",20
"172","Yellow",1142,2017,"NBI","NBI17","NBravo_6","Temp2",18.6
"173","Yellow",1181,2017,"NBI","NBI17","NBravo_7","Temp2",19.5
"174","Yellow",1184,2017,"NBI","NBI17","NBravo_8","Temp2",20.4
"175","Yellow",1136,2017,"NBI","NBI17","NBravo_9","Temp2",21.3
"176","Yellow",1116,2017,"NBI","NBI17","NBravo_10","Temp2",19.9
"177","Yellow",1304,2017,"LaLoma","LaLoma17","LaLom_1","Temp2",23.1
"178","Yellow",1304,2017,"LaLoma","LaLoma17","LaLom_2","Temp2",22.8
"179","Yellow",1304,2017,"LaLoma","LaLoma17","LaLom_3","Temp2",22.7
"180","Yellow",1300,2017,"LaLoma","LaLoma17","LaLom_4","Temp2",23.8
"181","Yellow",1300,2017,"LaLoma","LaLoma17","LaLom_5","Temp2",23.7
"182","Yellow",1296,2017,"LaLoma","LaLoma17","LaLom_6","Temp2",22.4
"183","Yellow",1300,2017,"LaLoma","LaLoma17","LaLom_7","Temp2",24
"184","Yellow",1309,2017,"LaLoma","LaLoma17","LaLom_8","Temp2",23.3
"185","Yellow",1305,2017,"LaLoma","LaLoma17","LaLom_9","Temp2",21.6
"186","Yellow",1310,2017,"LaLoma","LaLoma17","LaLom_10","Temp2",22.8
"187","Red",1509,2017,"RLFlor","RLFlor17","RLaFlor_1","Temp2",23.1
"188","Red",1508,2017,"RLFlor","RLFlor17","RLaFlor_2","Temp2",22.2
"189","Red",1509,2017,"RLFlor","RLFlor17","RLaFlor_3","Temp2",19.9
"190","Red",1508,2017,"RLFlor","RLFlor17","RLaFlor_4","Temp2",23.6
"191","Red",1508,2017,"RLFlor","RLFlor17","RLaFlor_5","Temp2",23.2
"192","Red",1512,2017,"RLFlor","RLFlor17","RLaFlor_6","Temp2",26.7
"193","Red",1516,2017,"RLFlor","RLFlor17","RLaFlor_7","Temp2",24.1
"194","Red",1519,2017,"RLFlor","RLFlor17","RLaFlor_8","Temp2",22
"195","Red",1520,2017,"RLFlor","RLFlor17","RLaFlor_9","Temp2",25.5
"196","Red",1520,2017,"RLFlor","RLFlor17","RLaFlor_10","Temp2",24.7
"197","Blue",2116,2017,"AmpLag","AmpLag17","Amp_Lag1","Temp2",24.8
"198","Blue",2115,2017,"AmpLag","AmpLag17","Amp_Lag2","Temp2",26.6
"199","Blue",2083,2017,"AmpLag","AmpLag17","Amp_Lag3","Temp2",24.8
"200","Blue",2083,2017,"AmpLag","AmpLag17","Amp_Lag4","Temp2",26.8
"201","Blue",2082,2017,"AmpLag","AmpLag17","Amp_Lag5","Temp2",26.3
"202","Blue",2125,2017,"AmpLag","AmpLag17","Amp_Lag6","Temp2",25.8
"203","Blue",2126,2017,"AmpLag","AmpLag17","Amp_Lag7","Temp2",25.3
"204","Blue",2122,2017,"AmpLag","AmpLag17","Amp_Lag8","Temp2",25.3
"205","Blue",2125,2017,"AmpLag","AmpLag17","Amp_Lag9","Temp2",24.7
"206","Blue",2103,2017,"AmpLag","AmpLag17","Amp_Lag10","Temp2",25.6
"207","Blue",2131,2017,"AmpLag","AmpLag17","Amp_Lag11","Temp2",18.2
"208","Blue",2130,2017,"AmpLag","AmpLag17","Amp_Lag12","Temp2",18.2
"209","Green",251,2017,"GNBII","GNBII17","GnalNBII_1","Temp3",22.9
"210","Green",264,2017,"GNBII","GNBII17","GnalNBII_2","Temp3",20.5
"211","Green",242,2017,"GNBII","GNBII17","GnalNBII_3","Temp3",19.9
"212","Green",250,2017,"GNBII","GNBII17","GnalNBII_4","Temp3",22.1
"213","Green",242,2017,"GNBII","GNBII17","GnalNBII_5","Temp3",20.3
"214","Green",263,2017,"GNBII","GNBII17","GnalNBII_6","Temp3",20.5
"215","Green",247,2017,"GNBII","GNBII17","GnalNBII_7","Temp3",20.8
"216","Green",230,2017,"GNBII","GNBII17","GnalNBII_8","Temp3",21.4
"217","Green",247,2017,"GNBII","GNBII17","GnalNBII_9","Temp3",22.1
"218","Green",247,2017,"GNBII","GNBII17","GnalNBII_10","Temp3",21.3
"219","Green",293,2017,"SatMor","SatMor17","SatMor_1","Temp3",21.9
"220","Green",310,2017,"SatMor","SatMor17","SatMor_2","Temp3",22.9
"221","Green",316,2017,"SatMor","SatMor17","SatMor_3","Temp3",21.9
"222","Green",314,2017,"SatMor","SatMor17","SatMor_4","Temp3",20.9
"223","Green",317,2017,"SatMor","SatMor17","SatMor_5","Temp3",23
"224","Green",312,2017,"SatMor","SatMor17","SatMor_6","Temp3",21.8
"225","Green",312,2017,"SatMor","SatMor17","SatMor_7","Temp3",22.4
"226","Green",305,2017,"SatMor","SatMor17","SatMor_8","Temp3",23.8
"227","Green",307,2017,"SatMor","SatMor17","SatMor_9","Temp3",20.8
"228","Green",307,2017,"SatMor","SatMor17","SatMor_10","Temp3",24
"229","Green",717,2017,"NvaLib","NvaLib17","NvaLib_1","Temp3",18.6
"230","Green",721,2017,"NvaLib","NvaLib17","NvaLib_2","Temp3",20.6
"231","Green",721,2017,"NvaLib","NvaLib17","NvaLib_3","Temp3",18.2
"232","Green",721,2017,"NvaLib","NvaLib17","NvaLib_4","Temp3",22.1
"233","Green",718,2017,"NvaLib","NvaLib17","NvaLib_5","Temp3",22.5
"234","Green",713,2017,"NvaLib","NvaLib17","NvaLib_6","Temp3",21
"235","Green",688,2017,"NvaLib","NvaLib17","NvaLib_7","Temp3",22.5
"236","Green",723,2017,"NvaLib","NvaLib17","NvaLib_8","Temp3",21.3
"237","Green",727,2017,"NvaLib","NvaLib17","NvaLib_9","Temp3",22.7
"238","Green",747,2017,"NvaLib","NvaLib17","NvaLib_10","Temp3",20.9
"239","Green",729,2017,"NvaLib","NvaLib17","NvaLib_11","Temp3",24.1
"240","Orange",794,2017,"PlanLib","PlanLib17","PlanLib_1","Temp3",19.8
"241","Orange",868,2017,"PlanLib","PlanLib17","PlanLib_2","Temp3",21.4
"242","Orange",868,2017,"PlanLib","PlanLib17","PlanLib_3","Temp3",25
"243","Orange",921,2017,"PlanLib","PlanLib17","PlanLib_4","Temp3",21.5
"244","Orange",928,2017,"PlanLib","PlanLib17","PlanLib_5","Temp3",20
"245","Orange",930,2017,"PlanLib","PlanLib17","PlanLib_6","Temp3",22.6
"246","Orange",927,2017,"PlanLib","PlanLib17","PlanLib_7","Temp3",21.5
"247","Orange",922,2017,"PlanLib","PlanLib17","PlanLib_8","Temp3",22.5
"248","Orange",909,2017,"PlanLib","PlanLib17","PlanLib_9","Temp3",19.5
"249","Orange",916,2017,"PlanLib","PlanLib17","PlanLib_10","Temp3",20
"250","Orange",922,2017,"PlanLib","PlanLib17","PlanLib_11","Temp3",18.8
"251","Orange",924,2017,"PlanLib","PlanLib17","PlanLib_12","Temp3",23.7
"252","Orange",1083,2017,"ArrNeg","ArrNeg17","ArrNeg_1","Temp3",23.2
"253","Orange",1093,2017,"ArrNeg","ArrNeg17","ArrNeg_2","Temp3",21.5
"254","Orange",1083,2017,"ArrNeg","ArrNeg17","ArrNeg_3","Temp3",20.2
"255","Orange",1093,2017,"ArrNeg","ArrNeg17","ArrNeg_4","Temp3",20.7
"256","Orange",1009,2017,"ArrNeg","ArrNeg17","ArrNeg_5","Temp3",21
"257","Orange",1075,2017,"ArrNeg","ArrNeg17","ArrNeg_6","Temp3",21.6
"258","Orange",1076,2017,"ArrNeg","ArrNeg17","ArrNeg_7","Temp3",20.8
"259","Yellow",1262,2017,"CINvaLib","CINvaLib17","CINvLib1","Temp3",NA
"260","Yellow",1256,2017,"CINvaLib","CINvaLib17","CINvLib2","Temp3",22.5
"261","Yellow",1048,2017,"CINvaLib","CINvaLib17","CINvLib3","Temp3",24.7
"262","Yellow",1030,2017,"CINvaLib","CINvaLib17","CINvLib4","Temp3",25.1
"263","Yellow",1227,2017,"CINvaLib","CINvaLib17","CINvLib5","Temp3",24.6
"264","Yellow",1151,2017,"CINvaLib","CINvaLib17","CINvLib6","Temp3",24.6
"265","Yellow",1150,2017,"CINvaLib","CINvaLib17","CINvLib7","Temp3",24.6
"266","Yellow",1150,2017,"CINvaLib","CINvaLib17","CINvLib8","Temp3",25.3
"267","Yellow",1168,2017,"CINvaLib","CINvaLib17","CINvLib9","Temp3",23.5
"268","Yellow",1207,2017,"CINvaLib","CINvaLib17","CINvLib10","Temp3",23.5
"269","Yellow",1194,2017,"CINvaLib","CINvaLib17","CINvLib11","Temp3",24.2
"270","Yellow",1150,2017,"CINvaLib","CINvaLib17","CINvLib12","Temp3",24
"271","Yellow",1169,2017,"NBI","NBI17","NBravo_1","Temp3",18
"272","Yellow",1170,2017,"NBI","NBI17","NBravo_2","Temp3",19.1
"273","Yellow",1186,2017,"NBI","NBI17","NBravo_3","Temp3",18.9
"274","Yellow",1162,2017,"NBI","NBI17","NBravo_4","Temp3",18.7
"275","Yellow",1162,2017,"NBI","NBI17","NBravo_5","Temp3",18.8
"276","Yellow",1142,2017,"NBI","NBI17","NBravo_6","Temp3",18.9
"277","Yellow",1181,2017,"NBI","NBI17","NBravo_7","Temp3",18.1
"278","Yellow",1184,2017,"NBI","NBI17","NBravo_8","Temp3",17.6
"279","Yellow",1136,2017,"NBI","NBI17","NBravo_9","Temp3",15.6
"280","Yellow",1116,2017,"NBI","NBI17","NBravo_10","Temp3",18.5
"281","Yellow",1304,2017,"LaLoma","LaLoma17","LaLom_1","Temp3",21.5
"282","Yellow",1304,2017,"LaLoma","LaLoma17","LaLom_2","Temp3",20.6
"283","Yellow",1304,2017,"LaLoma","LaLoma17","LaLom_3","Temp3",23.2
"284","Yellow",1300,2017,"LaLoma","LaLoma17","LaLom_4","Temp3",23.5
"285","Yellow",1300,2017,"LaLoma","LaLoma17","LaLom_5","Temp3",23.5
"286","Yellow",1296,2017,"LaLoma","LaLoma17","LaLom_6","Temp3",23.5
"287","Yellow",1300,2017,"LaLoma","LaLoma17","LaLom_7","Temp3",22.6
"288","Yellow",1309,2017,"LaLoma","LaLoma17","LaLom_8","Temp3",17
"289","Yellow",1305,2017,"LaLoma","LaLoma17","LaLom_9","Temp3",23.1
"290","Yellow",1310,2017,"LaLoma","LaLoma17","LaLom_10","Temp3",22.5
"291","Red",1509,2017,"RLFlor","RLFlor17","RLaFlor_1","Temp3",24.9
"292","Red",1508,2017,"RLFlor","RLFlor17","RLaFlor_2","Temp3",24.6
"293","Red",1509,2017,"RLFlor","RLFlor17","RLaFlor_3","Temp3",24.3
"294","Red",1508,2017,"RLFlor","RLFlor17","RLaFlor_4","Temp3",21.7
"295","Red",1508,2017,"RLFlor","RLFlor17","RLaFlor_5","Temp3",25.1
"296","Red",1512,2017,"RLFlor","RLFlor17","RLaFlor_6","Temp3",22.8
"297","Red",1516,2017,"RLFlor","RLFlor17","RLaFlor_7","Temp3",22.8
"298","Red",1519,2017,"RLFlor","RLFlor17","RLaFlor_8","Temp3",20.6
"299","Red",1520,2017,"RLFlor","RLFlor17","RLaFlor_9","Temp3",20.5
"300","Red",1520,2017,"RLFlor","RLFlor17","RLaFlor_10","Temp3",26.5
"301","Blue",2116,2017,"AmpLag","AmpLag17","Amp_Lag1","Temp3",22.7
"302","Blue",2115,2017,"AmpLag","AmpLag17","Amp_Lag2","Temp3",26.3
"303","Blue",2083,2017,"AmpLag","AmpLag17","Amp_Lag3","Temp3",24.8
"304","Blue",2083,2017,"AmpLag","AmpLag17","Amp_Lag4","Temp3",23.5
"305","Blue",2082,2017,"AmpLag","AmpLag17","Amp_Lag5","Temp3",26
"306","Blue",2125,2017,"AmpLag","AmpLag17","Amp_Lag6","Temp3",26
"307","Blue",2126,2017,"AmpLag","AmpLag17","Amp_Lag7","Temp3",25.8
"308","Blue",2122,2017,"AmpLag","AmpLag17","Amp_Lag8","Temp3",25.4
"309","Blue",2125,2017,"AmpLag","AmpLag17","Amp_Lag9","Temp3",25.7
"310","Blue",2103,2017,"AmpLag","AmpLag17","Amp_Lag10","Temp3",25.7
"311","Blue",2131,2017,"AmpLag","AmpLag17","Amp_Lag11","Temp3",29.3
"312","Blue",2130,2017,"AmpLag","AmpLag17","Amp_Lag12","Temp3",27.3
"313","Green",251,2017,"GNBII","GNBII17","GnalNBII_1","Temp4",21.2
"314","Green",264,2017,"GNBII","GNBII17","GnalNBII_2","Temp4",20.4
"315","Green",242,2017,"GNBII","GNBII17","GnalNBII_3","Temp4",20.2
"316","Green",250,2017,"GNBII","GNBII17","GnalNBII_4","Temp4",20.7
"317","Green",242,2017,"GNBII","GNBII17","GnalNBII_5","Temp4",19.9
"318","Green",263,2017,"GNBII","GNBII17","GnalNBII_6","Temp4",20.6
"319","Green",247,2017,"GNBII","GNBII17","GnalNBII_7","Temp4",20.3
"320","Green",230,2017,"GNBII","GNBII17","GnalNBII_8","Temp4",21.2
"321","Green",247,2017,"GNBII","GNBII17","GnalNBII_9","Temp4",23.8
"322","Green",247,2017,"GNBII","GNBII17","GnalNBII_10","Temp4",20.3
"323","Green",293,2017,"SatMor","SatMor17","SatMor_1","Temp4",19.7
"324","Green",310,2017,"SatMor","SatMor17","SatMor_2","Temp4",20.5
"325","Green",316,2017,"SatMor","SatMor17","SatMor_3","Temp4",20.3
"326","Green",314,2017,"SatMor","SatMor17","SatMor_4","Temp4",22.6
"327","Green",317,2017,"SatMor","SatMor17","SatMor_5","Temp4",21.8
"328","Green",312,2017,"SatMor","SatMor17","SatMor_6","Temp4",21.9
"329","Green",312,2017,"SatMor","SatMor17","SatMor_7","Temp4",22.2
"330","Green",305,2017,"SatMor","SatMor17","SatMor_8","Temp4",21.2
"331","Green",307,2017,"SatMor","SatMor17","SatMor_9","Temp4",20.2
"332","Green",307,2017,"SatMor","SatMor17","SatMor_10","Temp4",24
"333","Green",717,2017,"NvaLib","NvaLib17","NvaLib_1","Temp4",21.3
"334","Green",721,2017,"NvaLib","NvaLib17","NvaLib_2","Temp4",18.5
"335","Green",721,2017,"NvaLib","NvaLib17","NvaLib_3","Temp4",18.4
"336","Green",721,2017,"NvaLib","NvaLib17","NvaLib_4","Temp4",20.6
"337","Green",718,2017,"NvaLib","NvaLib17","NvaLib_5","Temp4",22.3
"338","Green",713,2017,"NvaLib","NvaLib17","NvaLib_6","Temp4",21
"339","Green",688,2017,"NvaLib","NvaLib17","NvaLib_7","Temp4",22.9
"340","Green",723,2017,"NvaLib","NvaLib17","NvaLib_8","Temp4",20.3
"341","Green",727,2017,"NvaLib","NvaLib17","NvaLib_9","Temp4",NA
"342","Green",747,2017,"NvaLib","NvaLib17","NvaLib_10","Temp4",21.9
"343","Green",729,2017,"NvaLib","NvaLib17","NvaLib_11","Temp4",26.6
"344","Orange",794,2017,"PlanLib","PlanLib17","PlanLib_1","Temp4",21.5
"345","Orange",868,2017,"PlanLib","PlanLib17","PlanLib_2","Temp4",22.9
"346","Orange",868,2017,"PlanLib","PlanLib17","PlanLib_3","Temp4",20.3
"347","Orange",921,2017,"PlanLib","PlanLib17","PlanLib_4","Temp4",23
"348","Orange",928,2017,"PlanLib","PlanLib17","PlanLib_5","Temp4",19
"349","Orange",930,2017,"PlanLib","PlanLib17","PlanLib_6","Temp4",19.8
"350","Orange",927,2017,"PlanLib","PlanLib17","PlanLib_7","Temp4",19.5
"351","Orange",922,2017,"PlanLib","PlanLib17","PlanLib_8","Temp4",23.6
"352","Orange",909,2017,"PlanLib","PlanLib17","PlanLib_9","Temp4",23.3
"353","Orange",916,2017,"PlanLib","PlanLib17","PlanLib_10","Temp4",20.5
"354","Orange",922,2017,"PlanLib","PlanLib17","PlanLib_11","Temp4",20
"355","Orange",924,2017,"PlanLib","PlanLib17","PlanLib_12","Temp4",21.6
"356","Orange",1083,2017,"ArrNeg","ArrNeg17","ArrNeg_1","Temp4",NA
"357","Orange",1093,2017,"ArrNeg","ArrNeg17","ArrNeg_2","Temp4",NA
"358","Orange",1083,2017,"ArrNeg","ArrNeg17","ArrNeg_3","Temp4",NA
"359","Orange",1093,2017,"ArrNeg","ArrNeg17","ArrNeg_4","Temp4",NA
"360","Orange",1009,2017,"ArrNeg","ArrNeg17","ArrNeg_5","Temp4",NA
"361","Orange",1075,2017,"ArrNeg","ArrNeg17","ArrNeg_6","Temp4",NA
"362","Orange",1076,2017,"ArrNeg","ArrNeg17","ArrNeg_7","Temp4",NA
"363","Yellow",1262,2017,"CINvaLib","CINvaLib17","CINvLib1","Temp4",19.6
"364","Yellow",1256,2017,"CINvaLib","CINvaLib17","CINvLib2","Temp4",23.5
"365","Yellow",1048,2017,"CINvaLib","CINvaLib17","CINvLib3","Temp4",22.2
"366","Yellow",1030,2017,"CINvaLib","CINvaLib17","CINvLib4","Temp4",23.5
"367","Yellow",1227,2017,"CINvaLib","CINvaLib17","CINvLib5","Temp4",23.3
"368","Yellow",1151,2017,"CINvaLib","CINvaLib17","CINvLib6","Temp4",23.3
"369","Yellow",1150,2017,"CINvaLib","CINvaLib17","CINvLib7","Temp4",23.6
"370","Yellow",1150,2017,"CINvaLib","CINvaLib17","CINvLib8","Temp4",25
"371","Yellow",1168,2017,"CINvaLib","CINvaLib17","CINvLib9","Temp4",24.1
"372","Yellow",1207,2017,"CINvaLib","CINvaLib17","CINvLib10","Temp4",24.4
"373","Yellow",1194,2017,"CINvaLib","CINvaLib17","CINvLib11","Temp4",24.8
"374","Yellow",1150,2017,"CINvaLib","CINvaLib17","CINvLib12","Temp4",23.5
"375","Yellow",1169,2017,"NBI","NBI17","NBravo_1","Temp4",18.4
"376","Yellow",1170,2017,"NBI","NBI17","NBravo_2","Temp4",21.6
"377","Yellow",1186,2017,"NBI","NBI17","NBravo_3","Temp4",NA
"378","Yellow",1162,2017,"NBI","NBI17","NBravo_4","Temp4",19.2
"379","Yellow",1162,2017,"NBI","NBI17","NBravo_5","Temp4",19.1
"380","Yellow",1142,2017,"NBI","NBI17","NBravo_6","Temp4",18
"381","Yellow",1181,2017,"NBI","NBI17","NBravo_7","Temp4",19.8
"382","Yellow",1184,2017,"NBI","NBI17","NBravo_8","Temp4",19.5
"383","Yellow",1136,2017,"NBI","NBI17","NBravo_9","Temp4",19.6
"384","Yellow",1116,2017,"NBI","NBI17","NBravo_10","Temp4",19.3
"385","Yellow",1304,2017,"LaLoma","LaLoma17","LaLom_1","Temp4",20.9
"386","Yellow",1304,2017,"LaLoma","LaLoma17","LaLom_2","Temp4",22.7
"387","Yellow",1304,2017,"LaLoma","LaLoma17","LaLom_3","Temp4",24.5
"388","Yellow",1300,2017,"LaLoma","LaLoma17","LaLom_4","Temp4",23
"389","Yellow",1300,2017,"LaLoma","LaLoma17","LaLom_5","Temp4",23
"390","Yellow",1296,2017,"LaLoma","LaLoma17","LaLom_6","Temp4",22.7
"391","Yellow",1300,2017,"LaLoma","LaLoma17","LaLom_7","Temp4",23.3
"392","Yellow",1309,2017,"LaLoma","LaLoma17","LaLom_8","Temp4",20.1
"393","Yellow",1305,2017,"LaLoma","LaLoma17","LaLom_9","Temp4",23.1
"394","Yellow",1310,2017,"LaLoma","LaLoma17","LaLom_10","Temp4",22.8
"395","Red",1509,2017,"RLFlor","RLFlor17","RLaFlor_1","Temp4",23.6
"396","Red",1508,2017,"RLFlor","RLFlor17","RLaFlor_2","Temp4",25.6
"397","Red",1509,2017,"RLFlor","RLFlor17","RLaFlor_3","Temp4",NA
"398","Red",1508,2017,"RLFlor","RLFlor17","RLaFlor_4","Temp4",22.6
"399","Red",1508,2017,"RLFlor","RLFlor17","RLaFlor_5","Temp4",22.5
"400","Red",1512,2017,"RLFlor","RLFlor17","RLaFlor_6","Temp4",19.2
"401","Red",1516,2017,"RLFlor","RLFlor17","RLaFlor_7","Temp4",22.9
"402","Red",1519,2017,"RLFlor","RLFlor17","RLaFlor_8","Temp4",18.6
"403","Red",1520,2017,"RLFlor","RLFlor17","RLaFlor_9","Temp4",22.6
"404","Red",1520,2017,"RLFlor","RLFlor17","RLaFlor_10","Temp4",21.7
"405","Blue",2116,2017,"AmpLag","AmpLag17","Amp_Lag1","Temp4",24.2
"406","Blue",2115,2017,"AmpLag","AmpLag17","Amp_Lag2","Temp4",24.9
"407","Blue",2083,2017,"AmpLag","AmpLag17","Amp_Lag3","Temp4",24
"408","Blue",2083,2017,"AmpLag","AmpLag17","Amp_Lag4","Temp4",23.3
"409","Blue",2082,2017,"AmpLag","AmpLag17","Amp_Lag5","Temp4",25.2
"410","Blue",2125,2017,"AmpLag","AmpLag17","Amp_Lag6","Temp4",24
"411","Blue",2126,2017,"AmpLag","AmpLag17","Amp_Lag7","Temp4",24.8
"412","Blue",2122,2017,"AmpLag","AmpLag17","Amp_Lag8","Temp4",19.2
"413","Blue",2125,2017,"AmpLag","AmpLag17","Amp_Lag9","Temp4",24
"414","Blue",2103,2017,"AmpLag","AmpLag17","Amp_Lag10","Temp4",24.6
"415","Blue",2131,2017,"AmpLag","AmpLag17","Amp_Lag11","Temp4",24.2
"416","Blue",2130,2017,"AmpLag","AmpLag17","Amp_Lag12","Temp4",27.3
"417","Green",251,2017,"GNBII","GNBII17","GnalNBII_1","Temp5",22.1
"418","Green",264,2017,"GNBII","GNBII17","GnalNBII_2","Temp5",20.7
"419","Green",242,2017,"GNBII","GNBII17","GnalNBII_3","Temp5",21.3
"420","Green",250,2017,"GNBII","GNBII17","GnalNBII_4","Temp5",20.4
"421","Green",242,2017,"GNBII","GNBII17","GnalNBII_5","Temp5",20.3
"422","Green",263,2017,"GNBII","GNBII17","GnalNBII_6","Temp5",21.5
"423","Green",247,2017,"GNBII","GNBII17","GnalNBII_7","Temp5",22.1
"424","Green",230,2017,"GNBII","GNBII17","GnalNBII_8","Temp5",20.7
"425","Green",247,2017,"GNBII","GNBII17","GnalNBII_9","Temp5",21.3
"426","Green",247,2017,"GNBII","GNBII17","GnalNBII_10","Temp5",20.1
"427","Green",293,2017,"SatMor","SatMor17","SatMor_1","Temp5",20.1
"428","Green",310,2017,"SatMor","SatMor17","SatMor_2","Temp5",19.2
"429","Green",316,2017,"SatMor","SatMor17","SatMor_3","Temp5",21.6
"430","Green",314,2017,"SatMor","SatMor17","SatMor_4","Temp5",21.6
"431","Green",317,2017,"SatMor","SatMor17","SatMor_5","Temp5",NA
"432","Green",312,2017,"SatMor","SatMor17","SatMor_6","Temp5",23
"433","Green",312,2017,"SatMor","SatMor17","SatMor_7","Temp5",NA
"434","Green",305,2017,"SatMor","SatMor17","SatMor_8","Temp5",22.1
"435","Green",307,2017,"SatMor","SatMor17","SatMor_9","Temp5",18.3
"436","Green",307,2017,"SatMor","SatMor17","SatMor_10","Temp5",17.5
"437","Green",717,2017,"NvaLib","NvaLib17","NvaLib_1","Temp5",21.9
"438","Green",721,2017,"NvaLib","NvaLib17","NvaLib_2","Temp5",21.8
"439","Green",721,2017,"NvaLib","NvaLib17","NvaLib_3","Temp5",21.6
"440","Green",721,2017,"NvaLib","NvaLib17","NvaLib_4","Temp5",20.8
"441","Green",718,2017,"NvaLib","NvaLib17","NvaLib_5","Temp5",17.3
"442","Green",713,2017,"NvaLib","NvaLib17","NvaLib_6","Temp5",NA
"443","Green",688,2017,"NvaLib","NvaLib17","NvaLib_7","Temp5",24.9
"444","Green",723,2017,"NvaLib","NvaLib17","NvaLib_8","Temp5",19.1
"445","Green",727,2017,"NvaLib","NvaLib17","NvaLib_9","Temp5",21.8
"446","Green",747,2017,"NvaLib","NvaLib17","NvaLib_10","Temp5",21.9
"447","Green",729,2017,"NvaLib","NvaLib17","NvaLib_11","Temp5",24.4
"448","Orange",794,2017,"PlanLib","PlanLib17","PlanLib_1","Temp5",18.9
"449","Orange",868,2017,"PlanLib","PlanLib17","PlanLib_2","Temp5",18.4
"450","Orange",868,2017,"PlanLib","PlanLib17","PlanLib_3","Temp5",21
"451","Orange",921,2017,"PlanLib","PlanLib17","PlanLib_4","Temp5",21.5
"452","Orange",928,2017,"PlanLib","PlanLib17","PlanLib_5","Temp5",17.7
"453","Orange",930,2017,"PlanLib","PlanLib17","PlanLib_6","Temp5",18
"454","Orange",927,2017,"PlanLib","PlanLib17","PlanLib_7","Temp5",19.8
"455","Orange",922,2017,"PlanLib","PlanLib17","PlanLib_8","Temp5",18.7
"456","Orange",909,2017,"PlanLib","PlanLib17","PlanLib_9","Temp5",17.6
"457","Orange",916,2017,"PlanLib","PlanLib17","PlanLib_10","Temp5",22.5
"458","Orange",922,2017,"PlanLib","PlanLib17","PlanLib_11","Temp5",17.8
"459","Orange",924,2017,"PlanLib","PlanLib17","PlanLib_12","Temp5",21.8
"460","Orange",1083,2017,"ArrNeg","ArrNeg17","ArrNeg_1","Temp5",NA
"461","Orange",1093,2017,"ArrNeg","ArrNeg17","ArrNeg_2","Temp5",NA
"462","Orange",1083,2017,"ArrNeg","ArrNeg17","ArrNeg_3","Temp5",NA
"463","Orange",1093,2017,"ArrNeg","ArrNeg17","ArrNeg_4","Temp5",NA
"464","Orange",1009,2017,"ArrNeg","ArrNeg17","ArrNeg_5","Temp5",NA
"465","Orange",1075,2017,"ArrNeg","ArrNeg17","ArrNeg_6","Temp5",NA
"466","Orange",1076,2017,"ArrNeg","ArrNeg17","ArrNeg_7","Temp5",NA
"467","Yellow",1262,2017,"CINvaLib","CINvaLib17","CINvLib1","Temp5",22.7
"468","Yellow",1256,2017,"CINvaLib","CINvaLib17","CINvLib2","Temp5",22.6
"469","Yellow",1048,2017,"CINvaLib","CINvaLib17","CINvLib3","Temp5",22.9
"470","Yellow",1030,2017,"CINvaLib","CINvaLib17","CINvLib4","Temp5",24.5
"471","Yellow",1227,2017,"CINvaLib","CINvaLib17","CINvLib5","Temp5",22.8
"472","Yellow",1151,2017,"CINvaLib","CINvaLib17","CINvLib6","Temp5",23.7
"473","Yellow",1150,2017,"CINvaLib","CINvaLib17","CINvLib7","Temp5",23.4
"474","Yellow",1150,2017,"CINvaLib","CINvaLib17","CINvLib8","Temp5",23.8
"475","Yellow",1168,2017,"CINvaLib","CINvaLib17","CINvLib9","Temp5",22.3
"476","Yellow",1207,2017,"CINvaLib","CINvaLib17","CINvLib10","Temp5",23.7
"477","Yellow",1194,2017,"CINvaLib","CINvaLib17","CINvLib11","Temp5",24
"478","Yellow",1150,2017,"CINvaLib","CINvaLib17","CINvLib12","Temp5",20
"479","Yellow",1169,2017,"NBI","NBI17","NBravo_1","Temp5",17.2
"480","Yellow",1170,2017,"NBI","NBI17","NBravo_2","Temp5",18.5
"481","Yellow",1186,2017,"NBI","NBI17","NBravo_3","Temp5",19.5
"482","Yellow",1162,2017,"NBI","NBI17","NBravo_4","Temp5",18.6
"483","Yellow",1162,2017,"NBI","NBI17","NBravo_5","Temp5",19
"484","Yellow",1142,2017,"NBI","NBI17","NBravo_6","Temp5",19.9
"485","Yellow",1181,2017,"NBI","NBI17","NBravo_7","Temp5",18.5
"486","Yellow",1184,2017,"NBI","NBI17","NBravo_8","Temp5",17.5
"487","Yellow",1136,2017,"NBI","NBI17","NBravo_9","Temp5",19.9
"488","Yellow",1116,2017,"NBI","NBI17","NBravo_10","Temp5",19.2
"489","Yellow",1304,2017,"LaLoma","LaLoma17","LaLom_1","Temp5",22.1
"490","Yellow",1304,2017,"LaLoma","LaLoma17","LaLom_2","Temp5",22.8
"491","Yellow",1304,2017,"LaLoma","LaLoma17","LaLom_3","Temp5",22.3
"492","Yellow",1300,2017,"LaLoma","LaLoma17","LaLom_4","Temp5",22.4
"493","Yellow",1300,2017,"LaLoma","LaLoma17","LaLom_5","Temp5",23.5
"494","Yellow",1296,2017,"LaLoma","LaLoma17","LaLom_6","Temp5",23
"495","Yellow",1300,2017,"LaLoma","LaLoma17","LaLom_7","Temp5",23.2
"496","Yellow",1309,2017,"LaLoma","LaLoma17","LaLom_8","Temp5",21.6
"497","Yellow",1305,2017,"LaLoma","LaLoma17","LaLom_9","Temp5",23.3
"498","Yellow",1310,2017,"LaLoma","LaLoma17","LaLom_10","Temp5",22.2
"499","Red",1509,2017,"RLFlor","RLFlor17","RLaFlor_1","Temp5",22.2
"500","Red",1508,2017,"RLFlor","RLFlor17","RLaFlor_2","Temp5",21.3
"501","Red",1509,2017,"RLFlor","RLFlor17","RLaFlor_3","Temp5",NA
"502","Red",1508,2017,"RLFlor","RLFlor17","RLaFlor_4","Temp5",22.6
"503","Red",1508,2017,"RLFlor","RLFlor17","RLaFlor_5","Temp5",19.7
"504","Red",1512,2017,"RLFlor","RLFlor17","RLaFlor_6","Temp5",25.4
"505","Red",1516,2017,"RLFlor","RLFlor17","RLaFlor_7","Temp5",18.3
"506","Red",1519,2017,"RLFlor","RLFlor17","RLaFlor_8","Temp5",19.3
"507","Red",1520,2017,"RLFlor","RLFlor17","RLaFlor_9","Temp5",22.6
"508","Red",1520,2017,"RLFlor","RLFlor17","RLaFlor_10","Temp5",23.2
"509","Blue",2116,2017,"AmpLag","AmpLag17","Amp_Lag1","Temp5",24.4
"510","Blue",2115,2017,"AmpLag","AmpLag17","Amp_Lag2","Temp5",24
"511","Blue",2083,2017,"AmpLag","AmpLag17","Amp_Lag3","Temp5",25.6
"512","Blue",2083,2017,"AmpLag","AmpLag17","Amp_Lag4","Temp5",23.2
"513","Blue",2082,2017,"AmpLag","AmpLag17","Amp_Lag5","Temp5",24.4
"514","Blue",2125,2017,"AmpLag","AmpLag17","Amp_Lag6","Temp5",24.4
"515","Blue",2126,2017,"AmpLag","AmpLag17","Amp_Lag7","Temp5",25.3
"516","Blue",2122,2017,"AmpLag","AmpLag17","Amp_Lag8","Temp5",22.5
"517","Blue",2125,2017,"AmpLag","AmpLag17","Amp_Lag9","Temp5",NA
"518","Blue",2103,2017,"AmpLag","AmpLag17","Amp_Lag10","Temp5",25
"519","Blue",2131,2017,"AmpLag","AmpLag17","Amp_Lag11","Temp5",25.2
"520","Blue",2130,2017,"AmpLag","AmpLag17","Amp_Lag12","Temp5",24.3
"521","Green",727,2018,"NvaLib","NvaLib18","NvaLib_1","Temp1",24.5
"522","Green",842,2018,"NvaLib","NvaLib18","NvaLib_2","Temp1",24.3
"523","Green",828,2018,"NvaLib","NvaLib18","NvaLib_3","Temp1",24.6
"524","Green",828,2018,"NvaLib","NvaLib18","NvaLib_4","Temp1",24
"525","Green",826,2018,"NvaLib","NvaLib18","NvaLib_5","Temp1",24.9
"526","Green",825,2018,"NvaLib","NvaLib18","NvaLib_6","Temp1",24.3
"527","Green",846,2018,"NvaLib","NvaLib18","NvaLib_7","Temp1",25.1
"528","Green",824,2018,"NvaLib","NvaLib18","NvaLib_8","Temp1",24.5
"529","Green",835,2018,"NvaLib","NvaLib18","NvaLib_9","Temp1",24
"530","Green",828,2018,"NvaLib","NvaLib18","NvaLib_10","Temp1",24.4
"531","Orange",700,2018,"Palestina","Pales18","Pal_1","Temp1",23.6
"532","Orange",722,2018,"Palestina","Pales18","Pal_2","Temp1",22.3
"533","Orange",736,2018,"Palestina","Pales18","Pal_3","Temp1",24.2
"534","Orange",733,2018,"Palestina","Pales18","Pal_4","Temp1",21.8
"535","Orange",746,2018,"Palestina","Pales18","Pal_5","Temp1",22.4
"536","Orange",728,2018,"Palestina","Pales18","Pal_6","Temp1",23.2
"537","Orange",750,2018,"Palestina","Pales18","Pal_7","Temp1",21.6
"538","Orange",751,2018,"Palestina","Pales18","Pal_8","Temp1",23.3
"539","Orange",752,2018,"Palestina","Pales18","Pal_9","Temp1",22.6
"540","Orange",746,2018,"Palestina","Pales18","Pal_10","Temp1",23.8
"541","Orange",884,2018,"SalUrb","SalUrb18","SalUrb_1","Temp1",21
"542","Orange",883,2018,"SalUrb","SalUrb18","SalUrb_2","Temp1",19.3
"543","Orange",874,2018,"SalUrb","SalUrb18","SalUrb_3","Temp1",18.3
"544","Orange",786,2018,"SalUrb","SalUrb18","SalUrb_4","Temp1",23
"545","Orange",804,2018,"SalUrb","SalUrb18","SalUrb_5","Temp1",20.3
"546","Orange",810,2018,"SalUrb","SalUrb18","SalUrb_6","Temp1",19.3
"547","Orange",815,2018,"SalUrb","SalUrb18","SalUrb_7","Temp1",21.2
"548","Orange",812,2018,"SalUrb","SalUrb18","SalUrb_8","Temp1",22.3
"549","Orange",790,2018,"SalUrb","SalUrb18","SalUrb_9","Temp1",23
"550","Orange",891,2018,"SalUrb","SalUrb18","SalUrb_10","Temp1",21.3
"551","Yellow",1151,2018,"NBI","NBI18","NBravo_1","Temp1",21.8
"552","Yellow",1122,2018,"NBI","NBI18","NBravo_2","Temp1",23
"553","Yellow",1147,2018,"NBI","NBI18","NBravo_3","Temp1",21
"554","Yellow",1193,2018,"NBI","NBI18","NBravo_4","Temp1",21.6
"555","Yellow",1135,2018,"NBI","NBI18","NBravo_5","Temp1",19.2
"556","Yellow",1127,2018,"NBI","NBI18","NBravo_6","Temp1",21
"557","Yellow",1087,2018,"NBI","NBI18","NBravo_7","Temp1",23.7
"558","Yellow",1091,2018,"NBI","NBI18","NBravo_8","Temp1",21.4
"559","Yellow",1199,2018,"NBI","NBI18","NBravo_9","Temp1",20.06
"560","Yellow",1130,2018,"NBI","NBI18","NBravo_10","Temp1",20.1
"561","Yellow",1144,2018,"NBI","NBI18","NBravo_11","Temp1",22.6
"562","Yellow",1137,2018,"NBI","NBI18","NBravo_12","Temp1",22.2
"563","Yellow",1295,2018,"CINvaLib","CINvaLib18","CINvLib1","Temp1",23.7
"564","Yellow",1291,2018,"CINvaLib","CINvaLib18","CINvLib2","Temp1",23.8
"565","Yellow",1282,2018,"CINvaLib","CINvaLib18","CINvLib3","Temp1",24.6
"566","Yellow",1268,2018,"CINvaLib","CINvaLib18","CINvLib4","Temp1",22.3
"567","Yellow",1253,2018,"CINvaLib","CINvaLib18","CINvLib5","Temp1",22.1
"568","Yellow",1201,2018,"CINvaLib","CINvaLib18","CINvLib6","Temp1",21.4
"569","Yellow",1182,2018,"CINvaLib","CINvaLib18","CINvLib7","Temp1",25.1
"570","Yellow",1155,2018,"CINvaLib","CINvaLib18","CINvLib8","Temp1",22.8
"571","Yellow",1130,2018,"CINvaLib","CINvaLib18","CINvLib9","Temp1",26.4
"572","Yellow",1125,2018,"CINvaLib","CINvaLib18","CINvLib10","Temp1",25.5
"573","Yellow",1086,2018,"CINvaLib","CINvaLib18","CINvLib11","Temp1",23.6
"574","Yellow",1300,2018,"LaLoma","LaLoma18","LaLom_1","Temp1",20
"575","Yellow",1299,2018,"LaLoma","LaLoma18","LaLom_2","Temp1",19.9
"576","Yellow",1295,2018,"LaLoma","LaLoma18","LaLom_3","Temp1",25.4
"577","Yellow",1310,2018,"LaLoma","LaLoma18","LaLom_4","Temp1",25.2
"578","Yellow",1299,2018,"LaLoma","LaLoma18","LaLom_5","Temp1",20.2
"579","Yellow",1298,2018,"LaLoma","LaLoma18","LaLom_6","Temp1",17.9
"580","Red",1347,2018,"Palmas","Palm18","Palmas_1","Temp1",22.1
"581","Red",1352,2018,"Palmas","Palm18","Palmas_2","Temp1",19.8
"582","Red",1367,2018,"Palmas","Palm18","Palmas_3","Temp1",20.6
"583","Red",1358,2018,"Palmas","Palm18","Palmas_4","Temp1",21.6
"584","Red",1363,2018,"Palmas","Palm18","Palmas_5","Temp1",22.4
"585","Red",1393,2018,"Palmas","Palm18","Palmas_6","Temp1",22.9
"586","Red",1392,2018,"Palmas","Palm18","Palmas_7","Temp1",22.2
"587","Red",1390,2018,"Palmas","Palm18","Palmas_8","Temp1",21.9
"588","Red",1389,2018,"Palmas","Palm18","Palmas_9","Temp1",22.9
"589","Red",1403,2018,"Palmas","Palm18","Palmas_10","Temp1",22.7
"590","Red",1393,2018,"Palmas","Palm18","Palmas_11","Temp1",21.3
"591","Red",1433,2018,"LagLon","LagLon18","LagLon_1","Temp1",21.3
"592","Red",1440,2018,"LagLon","LagLon18","LagLon_2","Temp1",23
"593","Red",1410,2018,"LagLon","LagLon18","LagLon_3","Temp1",21.3
"594","Red",1456,2018,"LagLon","LagLon18","LagLon_4","Temp1",22.2
"595","Red",1454,2018,"LagLon","LagLon18","LagLon_5","Temp1",22.5
"596","Red",1479,2018,"LagLon","LagLon18","LagLon_6","Temp1",21.2
"597","Red",1490,2018,"LagLon","LagLon18","LagLon_7","Temp1",21.5
"598","Red",1492,2018,"LagLon","LagLon18","LagLon_8","Temp1",22.1
"599","Red",1523,2018,"LagLon","LagLon18","LagLon_9","Temp1",22.3
"600","Red",1524,2018,"LagLon","LagLon18","LagLon_10","Temp1",22
"601","Red",1518,2018,"LagLon","LagLon18","LagLon_11","Temp1",22.5
"602","Red",1469,2018,"LagLon","LagLon18","LagLon_12","Temp1",20
"603","Blue",2109,2018,"AmpLag","AmpLag18","Amp_Lag1","Temp1",20.3
"604","Blue",2101,2018,"AmpLag","AmpLag18","Amp_Lag2","Temp1",20.5
"605","Blue",2089,2018,"AmpLag","AmpLag18","Amp_Lag3","Temp1",21.7
"606","Blue",2184,2018,"AmpLag","AmpLag18","Amp_Lag4","Temp1",22.2
"607","Blue",2109,2018,"AmpLag","AmpLag18","Amp_Lag5","Temp1",21.3
"608","Blue",2210,2018,"AmpLag","AmpLag18","Amp_Lag6","Temp1",20.6
"609","Blue",2212,2018,"AmpLag","AmpLag18","Amp_Lag7","Temp1",21.5
"610","Blue",2210,2018,"AmpLag","AmpLag18","Amp_Lag8","Temp1",20.1
"611","Blue",2217,2018,"AmpLag","AmpLag18","Amp_Lag9","Temp1",21.9
"612","Blue",2211,2018,"AmpLag","AmpLag18","Amp_Lag10","Temp1",20
"613","Blue",2208,2018,"AmpLag","AmpLag18","Amp_Lag11","Temp1",21.1
"614","Blue",2116,2017,"AmpLag","AmpLag17","Amp_Lag1","Temp1",22.9
"615","Blue",2115,2017,"AmpLag","AmpLag17","Amp_Lag2","Temp1",22.5
"616","Blue",2083,2017,"AmpLag","AmpLag17","Amp_Lag3","Temp1",24.9
"617","Blue",2083,2017,"AmpLag","AmpLag17","Amp_Lag4","Temp1",27.5
"618","Blue",2082,2017,"AmpLag","AmpLag17","Amp_Lag5","Temp1",23.8
"619","Blue",2125,2017,"AmpLag","AmpLag17","Amp_Lag6","Temp1",25.7
"620","Blue",2126,2017,"AmpLag","AmpLag17","Amp_Lag7","Temp1",23.7
"621","Blue",2122,2017,"AmpLag","AmpLag17","Amp_Lag8","Temp1",25.8
"622","Blue",2125,2017,"AmpLag","AmpLag17","Amp_Lag9","Temp1",27.2
"623","Blue",2103,2017,"AmpLag","AmpLag17","Amp_Lag10","Temp1",25.5
"624","Green",727,2018,"NvaLib","NvaLib18","NvaLib_1","Temp2",24.5
"625","Green",842,2018,"NvaLib","NvaLib18","NvaLib_2","Temp2",23.2
"626","Green",828,2018,"NvaLib","NvaLib18","NvaLib_3","Temp2",25.2
"627","Green",828,2018,"NvaLib","NvaLib18","NvaLib_4","Temp2",24.6
"628","Green",826,2018,"NvaLib","NvaLib18","NvaLib_5","Temp2",25.4
"629","Green",825,2018,"NvaLib","NvaLib18","NvaLib_6","Temp2",20.6
"630","Green",846,2018,"NvaLib","NvaLib18","NvaLib_7","Temp2",22.9
"631","Green",824,2018,"NvaLib","NvaLib18","NvaLib_8","Temp2",24
"632","Green",835,2018,"NvaLib","NvaLib18","NvaLib_9","Temp2",22.9
"633","Green",828,2018,"NvaLib","NvaLib18","NvaLib_10","Temp2",24.8
"634","Orange",700,2018,"Palestina","Pales18","Pal_1","Temp2",21.6
"635","Orange",722,2018,"Palestina","Pales18","Pal_2","Temp2",23.3
"636","Orange",736,2018,"Palestina","Pales18","Pal_3","Temp2",25.7
"637","Orange",733,2018,"Palestina","Pales18","Pal_4","Temp2",22.5
"638","Orange",746,2018,"Palestina","Pales18","Pal_5","Temp2",21.4
"639","Orange",728,2018,"Palestina","Pales18","Pal_6","Temp2",23.8
"640","Orange",750,2018,"Palestina","Pales18","Pal_7","Temp2",25
"641","Orange",751,2018,"Palestina","Pales18","Pal_8","Temp2",21.8
"642","Orange",752,2018,"Palestina","Pales18","Pal_9","Temp2",22.4
"643","Orange",746,2018,"Palestina","Pales18","Pal_10","Temp2",24.1
"644","Orange",884,2018,"SalUrb","SalUrb18","SalUrb_1","Temp2",21.2
"645","Orange",883,2018,"SalUrb","SalUrb18","SalUrb_2","Temp2",18.6
"646","Orange",874,2018,"SalUrb","SalUrb18","SalUrb_3","Temp2",21.9
"647","Orange",786,2018,"SalUrb","SalUrb18","SalUrb_4","Temp2",20.7
"648","Orange",804,2018,"SalUrb","SalUrb18","SalUrb_5","Temp2",19.8
"649","Orange",810,2018,"SalUrb","SalUrb18","SalUrb_6","Temp2",20.3
"650","Orange",815,2018,"SalUrb","SalUrb18","SalUrb_7","Temp2",21
"651","Orange",812,2018,"SalUrb","SalUrb18","SalUrb_8","Temp2",21.5
"652","Orange",790,2018,"SalUrb","SalUrb18","SalUrb_9","Temp2",20
"653","Orange",891,2018,"SalUrb","SalUrb18","SalUrb_10","Temp2",20
"654","Yellow",1151,2018,"NBI","NBI18","NBravo_1","Temp2",16.3
"655","Yellow",1122,2018,"NBI","NBI18","NBravo_2","Temp2",19.08
"656","Yellow",1147,2018,"NBI","NBI18","NBravo_3","Temp2",20.8
"657","Yellow",1193,2018,"NBI","NBI18","NBravo_4","Temp2",21.5
"658","Yellow",1135,2018,"NBI","NBI18","NBravo_5","Temp2",19.7
"659","Yellow",1127,2018,"NBI","NBI18","NBravo_6","Temp2",21.5
"660","Yellow",1087,2018,"NBI","NBI18","NBravo_7","Temp2",19.2
"661","Yellow",1091,2018,"NBI","NBI18","NBravo_8","Temp2",19.2
"662","Yellow",1199,2018,"NBI","NBI18","NBravo_9","Temp2",20.8
"663","Yellow",1130,2018,"NBI","NBI18","NBravo_10","Temp2",18
"664","Yellow",1144,2018,"NBI","NBI18","NBravo_11","Temp2",23.2
"665","Yellow",1137,2018,"NBI","NBI18","NBravo_12","Temp2",19.2
"666","Yellow",1295,2018,"CINvaLib","CINvaLib18","CINvLib1","Temp2",24.3
"667","Yellow",1291,2018,"CINvaLib","CINvaLib18","CINvLib2","Temp2",21.6
"668","Yellow",1282,2018,"CINvaLib","CINvaLib18","CINvLib3","Temp2",23.7
"669","Yellow",1268,2018,"CINvaLib","CINvaLib18","CINvLib4","Temp2",23.7
"670","Yellow",1253,2018,"CINvaLib","CINvaLib18","CINvLib5","Temp2",22.3
"671","Yellow",1201,2018,"CINvaLib","CINvaLib18","CINvLib6","Temp2",19.4
"672","Yellow",1182,2018,"CINvaLib","CINvaLib18","CINvLib7","Temp2",19.9
"673","Yellow",1155,2018,"CINvaLib","CINvaLib18","CINvLib8","Temp2",23.9
"674","Yellow",1130,2018,"CINvaLib","CINvaLib18","CINvLib9","Temp2",26.1
"675","Yellow",1125,2018,"CINvaLib","CINvaLib18","CINvLib10","Temp2",22.6
"676","Yellow",1086,2018,"CINvaLib","CINvaLib18","CINvLib11","Temp2",24
"677","Yellow",1300,2018,"LaLoma","LaLoma18","LaLom_1","Temp2",19.6
"678","Yellow",1299,2018,"LaLoma","LaLoma18","LaLom_2","Temp2",19.4
"679","Yellow",1295,2018,"LaLoma","LaLoma18","LaLom_3","Temp2",20.8
"680","Yellow",1310,2018,"LaLoma","LaLoma18","LaLom_4","Temp2",19.1
"681","Yellow",1299,2018,"LaLoma","LaLoma18","LaLom_5","Temp2",19.8
"682","Yellow",1298,2018,"LaLoma","LaLoma18","LaLom_6","Temp2",19.8
"683","Red",1347,2018,"Palmas","Palm18","Palmas_1","Temp2",20.5
"684","Red",1352,2018,"Palmas","Palm18","Palmas_2","Temp2",21.8
"685","Red",1367,2018,"Palmas","Palm18","Palmas_3","Temp2",19.8
"686","Red",1358,2018,"Palmas","Palm18","Palmas_4","Temp2",20.8
"687","Red",1363,2018,"Palmas","Palm18","Palmas_5","Temp2",18.8
"688","Red",1393,2018,"Palmas","Palm18","Palmas_6","Temp2",22.2
"689","Red",1392,2018,"Palmas","Palm18","Palmas_7","Temp2",22.6
"690","Red",1390,2018,"Palmas","Palm18","Palmas_8","Temp2",21.6
"691","Red",1389,2018,"Palmas","Palm18","Palmas_9","Temp2",20.6
"692","Red",1403,2018,"Palmas","Palm18","Palmas_10","Temp2",22
"693","Red",1393,2018,"Palmas","Palm18","Palmas_11","Temp2",21.6
"694","Red",1433,2018,"LagLon","LagLon18","LagLon_1","Temp2",22.2
"695","Red",1440,2018,"LagLon","LagLon18","LagLon_2","Temp2",20.9
"696","Red",1410,2018,"LagLon","LagLon18","LagLon_3","Temp2",22.1
"697","Red",1456,2018,"LagLon","LagLon18","LagLon_4","Temp2",17.8
"698","Red",1454,2018,"LagLon","LagLon18","LagLon_5","Temp2",22.1
"699","Red",1479,2018,"LagLon","LagLon18","LagLon_6","Temp2",21
"700","Red",1490,2018,"LagLon","LagLon18","LagLon_7","Temp2",21.2
"701","Red",1492,2018,"LagLon","LagLon18","LagLon_8","Temp2",29
"702","Red",1523,2018,"LagLon","LagLon18","LagLon_9","Temp2",22.3
"703","Red",1524,2018,"LagLon","LagLon18","LagLon_10","Temp2",21.2
"704","Red",1518,2018,"LagLon","LagLon18","LagLon_11","Temp2",20.2
"705","Red",1469,2018,"LagLon","LagLon18","LagLon_12","Temp2",19.9
"706","Blue",2109,2018,"AmpLag","AmpLag18","Amp_Lag1","Temp2",21
"707","Blue",2101,2018,"AmpLag","AmpLag18","Amp_Lag2","Temp2",19.2
"708","Blue",2089,2018,"AmpLag","AmpLag18","Amp_Lag3","Temp2",21.3
"709","Blue",2184,2018,"AmpLag","AmpLag18","Amp_Lag4","Temp2",21.8
"710","Blue",2109,2018,"AmpLag","AmpLag18","Amp_Lag5","Temp2",21.5
"711","Blue",2210,2018,"AmpLag","AmpLag18","Amp_Lag6","Temp2",22.3
"712","Blue",2212,2018,"AmpLag","AmpLag18","Amp_Lag7","Temp2",19.7
"713","Blue",2210,2018,"AmpLag","AmpLag18","Amp_Lag8","Temp2",21.6
"714","Blue",2217,2018,"AmpLag","AmpLag18","Amp_Lag9","Temp2",22.9
"715","Blue",2211,2018,"AmpLag","AmpLag18","Amp_Lag10","Temp2",22.1
"716","Blue",2208,2018,"AmpLag","AmpLag18","Amp_Lag11","Temp2",21
"717","Blue",2131,2017,"AmpLag","AmpLag17","Amp_Lag11","Temp1",26.2
"718","Blue",2130,2017,"AmpLag","AmpLag17","Amp_Lag12","Temp1",28.9
"719","Blue",2116,2017,"AmpLag","AmpLag17","Amp_Lag1","Temp2",24.8
"720","Blue",2115,2017,"AmpLag","AmpLag17","Amp_Lag2","Temp2",26.6
"721","Blue",2083,2017,"AmpLag","AmpLag17","Amp_Lag3","Temp2",24.8
"722","Blue",2083,2017,"AmpLag","AmpLag17","Amp_Lag4","Temp2",26.8
"723","Blue",2082,2017,"AmpLag","AmpLag17","Amp_Lag5","Temp2",26.3
"724","Blue",2125,2017,"AmpLag","AmpLag17","Amp_Lag6","Temp2",25.8
"725","Blue",2126,2017,"AmpLag","AmpLag17","Amp_Lag7","Temp2",25.3
"726","Blue",2122,2017,"AmpLag","AmpLag17","Amp_Lag8","Temp2",25.3
"727","Green",727,2018,"NvaLib","NvaLib18","NvaLib_1","Temp3",20.2
"728","Green",842,2018,"NvaLib","NvaLib18","NvaLib_2","Temp3",22.3
"729","Green",828,2018,"NvaLib","NvaLib18","NvaLib_3","Temp3",25.5
"730","Green",828,2018,"NvaLib","NvaLib18","NvaLib_4","Temp3",23.8
"731","Green",826,2018,"NvaLib","NvaLib18","NvaLib_5","Temp3",23.9
"732","Green",825,2018,"NvaLib","NvaLib18","NvaLib_6","Temp3",21.8
"733","Green",846,2018,"NvaLib","NvaLib18","NvaLib_7","Temp3",25.8
"734","Green",824,2018,"NvaLib","NvaLib18","NvaLib_8","Temp3",24.9
"735","Green",835,2018,"NvaLib","NvaLib18","NvaLib_9","Temp3",24.7
"736","Green",828,2018,"NvaLib","NvaLib18","NvaLib_10","Temp3",25
"737","Orange",700,2018,"Palestina","Pales18","Pal_1","Temp3",25.6
"738","Orange",722,2018,"Palestina","Pales18","Pal_2","Temp3",21.9
"739","Orange",736,2018,"Palestina","Pales18","Pal_3","Temp3",22.4
"740","Orange",733,2018,"Palestina","Pales18","Pal_4","Temp3",21.9
"741","Orange",746,2018,"Palestina","Pales18","Pal_5","Temp3",24.4
"742","Orange",728,2018,"Palestina","Pales18","Pal_6","Temp3",20.3
"743","Orange",750,2018,"Palestina","Pales18","Pal_7","Temp3",24.6
"744","Orange",751,2018,"Palestina","Pales18","Pal_8","Temp3",22.2
"745","Orange",752,2018,"Palestina","Pales18","Pal_9","Temp3",24.6
"746","Orange",746,2018,"Palestina","Pales18","Pal_10","Temp3",24.7
"747","Orange",884,2018,"SalUrb","SalUrb18","SalUrb_1","Temp3",18.8
"748","Orange",883,2018,"SalUrb","SalUrb18","SalUrb_2","Temp3",18.3
"749","Orange",874,2018,"SalUrb","SalUrb18","SalUrb_3","Temp3",19.7
"750","Orange",786,2018,"SalUrb","SalUrb18","SalUrb_4","Temp3",21.8
"751","Orange",804,2018,"SalUrb","SalUrb18","SalUrb_5","Temp3",18.4
"752","Orange",810,2018,"SalUrb","SalUrb18","SalUrb_6","Temp3",20.6
"753","Orange",815,2018,"SalUrb","SalUrb18","SalUrb_7","Temp3",20.1
"754","Orange",812,2018,"SalUrb","SalUrb18","SalUrb_8","Temp3",18
"755","Orange",790,2018,"SalUrb","SalUrb18","SalUrb_9","Temp3",20
"756","Orange",891,2018,"SalUrb","SalUrb18","SalUrb_10","Temp3",20.6
"757","Yellow",1151,2018,"NBI","NBI18","NBravo_1","Temp3",20.3
"758","Yellow",1122,2018,"NBI","NBI18","NBravo_2","Temp3",18.1
"759","Yellow",1147,2018,"NBI","NBI18","NBravo_3","Temp3",21.7
"760","Yellow",1193,2018,"NBI","NBI18","NBravo_4","Temp3",22.7
"761","Yellow",1135,2018,"NBI","NBI18","NBravo_5","Temp3",19.3
"762","Yellow",1127,2018,"NBI","NBI18","NBravo_6","Temp3",20.2
"763","Yellow",1087,2018,"NBI","NBI18","NBravo_7","Temp3",21.9
"764","Yellow",1091,2018,"NBI","NBI18","NBravo_8","Temp3",17.9
"765","Yellow",1199,2018,"NBI","NBI18","NBravo_9","Temp3",20.6
"766","Yellow",1130,2018,"NBI","NBI18","NBravo_10","Temp3",20.6
"767","Yellow",1144,2018,"NBI","NBI18","NBravo_11","Temp3",19
"768","Yellow",1137,2018,"NBI","NBI18","NBravo_12","Temp3",14.9
"769","Yellow",1295,2018,"CINvaLib","CINvaLib18","CINvLib1","Temp3",24
"770","Yellow",1291,2018,"CINvaLib","CINvaLib18","CINvLib2","Temp3",24.3
"771","Yellow",1282,2018,"CINvaLib","CINvaLib18","CINvLib3","Temp3",23.6
"772","Yellow",1268,2018,"CINvaLib","CINvaLib18","CINvLib4","Temp3",24
"773","Yellow",1253,2018,"CINvaLib","CINvaLib18","CINvLib5","Temp3",23.9
"774","Yellow",1201,2018,"CINvaLib","CINvaLib18","CINvLib6","Temp3",23.3
"775","Yellow",1182,2018,"CINvaLib","CINvaLib18","CINvLib7","Temp3",25
"776","Yellow",1155,2018,"CINvaLib","CINvaLib18","CINvLib8","Temp3",24.1
"777","Yellow",1130,2018,"CINvaLib","CINvaLib18","CINvLib9","Temp3",23.6
"778","Yellow",1125,2018,"CINvaLib","CINvaLib18","CINvLib10","Temp3",24.5
"779","Yellow",1086,2018,"CINvaLib","CINvaLib18","CINvLib11","Temp3",22.8
"780","Yellow",1300,2018,"LaLoma","LaLoma18","LaLom_1","Temp3",18.7
"781","Yellow",1299,2018,"LaLoma","LaLoma18","LaLom_2","Temp3",20.2
"782","Yellow",1295,2018,"LaLoma","LaLoma18","LaLom_3","Temp3",19.5
"783","Yellow",1310,2018,"LaLoma","LaLoma18","LaLom_4","Temp3",22.1
"784","Yellow",1299,2018,"LaLoma","LaLoma18","LaLom_5","Temp3",18.7
"785","Yellow",1298,2018,"LaLoma","LaLoma18","LaLom_6","Temp3",18.3
"786","Red",1347,2018,"Palmas","Palm18","Palmas_1","Temp3",19.2
"787","Red",1352,2018,"Palmas","Palm18","Palmas_2","Temp3",22.3
"788","Red",1367,2018,"Palmas","Palm18","Palmas_3","Temp3",21.9
"789","Red",1358,2018,"Palmas","Palm18","Palmas_4","Temp3",20.8
"790","Red",1363,2018,"Palmas","Palm18","Palmas_5","Temp3",22.4
"791","Red",1393,2018,"Palmas","Palm18","Palmas_6","Temp3",21.4
"792","Red",1392,2018,"Palmas","Palm18","Palmas_7","Temp3",20.8
"793","Red",1390,2018,"Palmas","Palm18","Palmas_8","Temp3",22.8
"794","Red",1389,2018,"Palmas","Palm18","Palmas_9","Temp3",22
"795","Red",1403,2018,"Palmas","Palm18","Palmas_10","Temp3",21.8
"796","Red",1393,2018,"Palmas","Palm18","Palmas_11","Temp3",19.6
"797","Red",1433,2018,"LagLon","LagLon18","LagLon_1","Temp3",24
"798","Red",1440,2018,"LagLon","LagLon18","LagLon_2","Temp3",19.9
"799","Red",1410,2018,"LagLon","LagLon18","LagLon_3","Temp3",20.4
"800","Red",1456,2018,"LagLon","LagLon18","LagLon_4","Temp3",20.4
"801","Red",1454,2018,"LagLon","LagLon18","LagLon_5","Temp3",23
"802","Red",1479,2018,"LagLon","LagLon18","LagLon_6","Temp3",21.2
"803","Red",1490,2018,"LagLon","LagLon18","LagLon_7","Temp3",22.7
"804","Red",1492,2018,"LagLon","LagLon18","LagLon_8","Temp3",21.4
"805","Red",1523,2018,"LagLon","LagLon18","LagLon_9","Temp3",21.7
"806","Red",1524,2018,"LagLon","LagLon18","LagLon_10","Temp3",21.6
"807","Red",1518,2018,"LagLon","LagLon18","LagLon_11","Temp3",22.4
"808","Red",1469,2018,"LagLon","LagLon18","LagLon_12","Temp3",21.6
"809","Blue",2109,2018,"AmpLag","AmpLag18","Amp_Lag1","Temp3",21.8
"810","Blue",2101,2018,"AmpLag","AmpLag18","Amp_Lag2","Temp3",21.5
"811","Blue",2089,2018,"AmpLag","AmpLag18","Amp_Lag3","Temp3",18.2
"812","Blue",2184,2018,"AmpLag","AmpLag18","Amp_Lag4","Temp3",21.8
"813","Blue",2109,2018,"AmpLag","AmpLag18","Amp_Lag5","Temp3",20.6
"814","Blue",2210,2018,"AmpLag","AmpLag18","Amp_Lag6","Temp3",21.6
"815","Blue",2212,2018,"AmpLag","AmpLag18","Amp_Lag7","Temp3",22.4
"816","Blue",2210,2018,"AmpLag","AmpLag18","Amp_Lag8","Temp3",19.8
"817","Blue",2217,2018,"AmpLag","AmpLag18","Amp_Lag9","Temp3",16.5
"818","Blue",2211,2018,"AmpLag","AmpLag18","Amp_Lag10","Temp3",20.8
"819","Blue",2208,2018,"AmpLag","AmpLag18","Amp_Lag11","Temp3",20.9
"820","Blue",2125,2017,"AmpLag","AmpLag17","Amp_Lag9","Temp2",24.7
"821","Blue",2103,2017,"AmpLag","AmpLag17","Amp_Lag10","Temp2",25.6
"822","Blue",2131,2017,"AmpLag","AmpLag17","Amp_Lag11","Temp2",18.2
"823","Blue",2130,2017,"AmpLag","AmpLag17","Amp_Lag12","Temp2",18.2
"824","Blue",2116,2017,"AmpLag","AmpLag17","Amp_Lag1","Temp3",22.7
"825","Blue",2115,2017,"AmpLag","AmpLag17","Amp_Lag2","Temp3",26.3
"826","Blue",2083,2017,"AmpLag","AmpLag17","Amp_Lag3","Temp3",24.8
"827","Blue",2083,2017,"AmpLag","AmpLag17","Amp_Lag4","Temp3",23.5
"828","Blue",2082,2017,"AmpLag","AmpLag17","Amp_Lag5","Temp3",26
"829","Blue",2125,2017,"AmpLag","AmpLag17","Amp_Lag6","Temp3",26
"830","Green",727,2018,"NvaLib","NvaLib18","NvaLib_1","Temp4",21.8
"831","Green",842,2018,"NvaLib","NvaLib18","NvaLib_2","Temp4",23.3
"832","Green",828,2018,"NvaLib","NvaLib18","NvaLib_3","Temp4",24.5
"833","Green",828,2018,"NvaLib","NvaLib18","NvaLib_4","Temp4",22.5
"834","Green",826,2018,"NvaLib","NvaLib18","NvaLib_5","Temp4",25.9
"835","Green",825,2018,"NvaLib","NvaLib18","NvaLib_6","Temp4",25.6
"836","Green",846,2018,"NvaLib","NvaLib18","NvaLib_7","Temp4",22
"837","Green",824,2018,"NvaLib","NvaLib18","NvaLib_8","Temp4",25.2
"838","Green",835,2018,"NvaLib","NvaLib18","NvaLib_9","Temp4",23.5
"839","Green",828,2018,"NvaLib","NvaLib18","NvaLib_10","Temp4",25
"840","Orange",700,2018,"Palestina","Pales18","Pal_1","Temp4",21.9
"841","Orange",722,2018,"Palestina","Pales18","Pal_2","Temp4",21.6
"842","Orange",736,2018,"Palestina","Pales18","Pal_3","Temp4",24.6
"843","Orange",733,2018,"Palestina","Pales18","Pal_4","Temp4",22
"844","Orange",746,2018,"Palestina","Pales18","Pal_5","Temp4",23.5
"845","Orange",728,2018,"Palestina","Pales18","Pal_6","Temp4",22.9
"846","Orange",750,2018,"Palestina","Pales18","Pal_7","Temp4",22.9
"847","Orange",751,2018,"Palestina","Pales18","Pal_8","Temp4",20.9
"848","Orange",752,2018,"Palestina","Pales18","Pal_9","Temp4",23.2
"849","Orange",746,2018,"Palestina","Pales18","Pal_10","Temp4",24.3
"850","Orange",884,2018,"SalUrb","SalUrb18","SalUrb_1","Temp4",18.5
"851","Orange",883,2018,"SalUrb","SalUrb18","SalUrb_2","Temp4",20.3
"852","Orange",874,2018,"SalUrb","SalUrb18","SalUrb_3","Temp4",19.2
"853","Orange",786,2018,"SalUrb","SalUrb18","SalUrb_4","Temp4",19.1
"854","Orange",804,2018,"SalUrb","SalUrb18","SalUrb_5","Temp4",NA
"855","Orange",810,2018,"SalUrb","SalUrb18","SalUrb_6","Temp4",20.8
"856","Orange",815,2018,"SalUrb","SalUrb18","SalUrb_7","Temp4",19.2
"857","Orange",812,2018,"SalUrb","SalUrb18","SalUrb_8","Temp4",18.5
"858","Orange",790,2018,"SalUrb","SalUrb18","SalUrb_9","Temp4",21
"859","Orange",891,2018,"SalUrb","SalUrb18","SalUrb_10","Temp4",18.3
"860","Yellow",1151,2018,"NBI","NBI18","NBravo_1","Temp4",20.9
"861","Yellow",1122,2018,"NBI","NBI18","NBravo_2","Temp4",20.8
"862","Yellow",1147,2018,"NBI","NBI18","NBravo_3","Temp4",20.3
"863","Yellow",1193,2018,"NBI","NBI18","NBravo_4","Temp4",18.8
"864","Yellow",1135,2018,"NBI","NBI18","NBravo_5","Temp4",22.2
"865","Yellow",1127,2018,"NBI","NBI18","NBravo_6","Temp4",19.8
"866","Yellow",1087,2018,"NBI","NBI18","NBravo_7","Temp4",21.2
"867","Yellow",1091,2018,"NBI","NBI18","NBravo_8","Temp4",21.2
"868","Yellow",1199,2018,"NBI","NBI18","NBravo_9","Temp4",17.3
"869","Yellow",1130,2018,"NBI","NBI18","NBravo_10","Temp4",20.7
"870","Yellow",1144,2018,"NBI","NBI18","NBravo_11","Temp4",20.3
"871","Yellow",1137,2018,"NBI","NBI18","NBravo_12","Temp4",19.9
"872","Yellow",1295,2018,"CINvaLib","CINvaLib18","CINvLib1","Temp4",22.1
"873","Yellow",1291,2018,"CINvaLib","CINvaLib18","CINvLib2","Temp4",24.6
"874","Yellow",1282,2018,"CINvaLib","CINvaLib18","CINvLib3","Temp4",23
"875","Yellow",1268,2018,"CINvaLib","CINvaLib18","CINvLib4","Temp4",26.7
"876","Yellow",1253,2018,"CINvaLib","CINvaLib18","CINvLib5","Temp4",19.8
"877","Yellow",1201,2018,"CINvaLib","CINvaLib18","CINvLib6","Temp4",22.9
"878","Yellow",1182,2018,"CINvaLib","CINvaLib18","CINvLib7","Temp4",23.8
"879","Yellow",1155,2018,"CINvaLib","CINvaLib18","CINvLib8","Temp4",23.5
"880","Yellow",1130,2018,"CINvaLib","CINvaLib18","CINvLib9","Temp4",25.3
"881","Yellow",1125,2018,"CINvaLib","CINvaLib18","CINvLib10","Temp4",23.9
"882","Yellow",1086,2018,"CINvaLib","CINvaLib18","CINvLib11","Temp4",24.6
"883","Yellow",1300,2018,"LaLoma","LaLoma18","LaLom_1","Temp4",20.5
"884","Yellow",1299,2018,"LaLoma","LaLoma18","LaLom_2","Temp4",20.8
"885","Yellow",1295,2018,"LaLoma","LaLoma18","LaLom_3","Temp4",19.8
"886","Yellow",1310,2018,"LaLoma","LaLoma18","LaLom_4","Temp4",20.2
"887","Yellow",1299,2018,"LaLoma","LaLoma18","LaLom_5","Temp4",19.3
"888","Yellow",1298,2018,"LaLoma","LaLoma18","LaLom_6","Temp4",19.1
"889","Red",1347,2018,"Palmas","Palm18","Palmas_1","Temp4",20.1
"890","Red",1352,2018,"Palmas","Palm18","Palmas_2","Temp4",21.9
"891","Red",1367,2018,"Palmas","Palm18","Palmas_3","Temp4",22
"892","Red",1358,2018,"Palmas","Palm18","Palmas_4","Temp4",22.7
"893","Red",1363,2018,"Palmas","Palm18","Palmas_5","Temp4",21.6
"894","Red",1393,2018,"Palmas","Palm18","Palmas_6","Temp4",22.8
"895","Red",1392,2018,"Palmas","Palm18","Palmas_7","Temp4",20.2
"896","Red",1390,2018,"Palmas","Palm18","Palmas_8","Temp4",21.5
"897","Red",1389,2018,"Palmas","Palm18","Palmas_9","Temp4",19.5
"898","Red",1403,2018,"Palmas","Palm18","Palmas_10","Temp4",20.9
"899","Red",1393,2018,"Palmas","Palm18","Palmas_11","Temp4",22.4
"900","Red",1433,2018,"LagLon","LagLon18","LagLon_1","Temp4",22.6
"901","Red",1440,2018,"LagLon","LagLon18","LagLon_2","Temp4",22.2
"902","Red",1410,2018,"LagLon","LagLon18","LagLon_3","Temp4",22.6
"903","Red",1456,2018,"LagLon","LagLon18","LagLon_4","Temp4",22
"904","Red",1454,2018,"LagLon","LagLon18","LagLon_5","Temp4",22.6
"905","Red",1479,2018,"LagLon","LagLon18","LagLon_6","Temp4",19.7
"906","Red",1490,2018,"LagLon","LagLon18","LagLon_7","Temp4",22.8
"907","Red",1492,2018,"LagLon","LagLon18","LagLon_8","Temp4",19.8
"908","Red",1523,2018,"LagLon","LagLon18","LagLon_9","Temp4",19.8
"909","Red",1524,2018,"LagLon","LagLon18","LagLon_10","Temp4",20.8
"910","Red",1518,2018,"LagLon","LagLon18","LagLon_11","Temp4",21.2
"911","Red",1469,2018,"LagLon","LagLon18","LagLon_12","Temp4",22.6
"912","Blue",2109,2018,"AmpLag","AmpLag18","Amp_Lag1","Temp4",21.3
"913","Blue",2101,2018,"AmpLag","AmpLag18","Amp_Lag2","Temp4",21.8
"914","Blue",2089,2018,"AmpLag","AmpLag18","Amp_Lag3","Temp4",20.5
"915","Blue",2184,2018,"AmpLag","AmpLag18","Amp_Lag4","Temp4",21.6
"916","Blue",2109,2018,"AmpLag","AmpLag18","Amp_Lag5","Temp4",22.6
"917","Blue",2210,2018,"AmpLag","AmpLag18","Amp_Lag6","Temp4",21.6
"918","Blue",2212,2018,"AmpLag","AmpLag18","Amp_Lag7","Temp4",20.7
"919","Blue",2210,2018,"AmpLag","AmpLag18","Amp_Lag8","Temp4",16.7
"920","Blue",2217,2018,"AmpLag","AmpLag18","Amp_Lag9","Temp4",20.8
"921","Blue",2211,2018,"AmpLag","AmpLag18","Amp_Lag10","Temp4",23
"922","Blue",2208,2018,"AmpLag","AmpLag18","Amp_Lag11","Temp4",20
"923","Blue",2126,2017,"AmpLag","AmpLag17","Amp_Lag7","Temp3",25.8
"924","Blue",2122,2017,"AmpLag","AmpLag17","Amp_Lag8","Temp3",25.4
"925","Blue",2125,2017,"AmpLag","AmpLag17","Amp_Lag9","Temp3",25.7
"926","Blue",2103,2017,"AmpLag","AmpLag17","Amp_Lag10","Temp3",25.7
"927","Blue",2131,2017,"AmpLag","AmpLag17","Amp_Lag11","Temp3",29.3
"928","Blue",2130,2017,"AmpLag","AmpLag17","Amp_Lag12","Temp3",27.3
"929","Blue",2116,2017,"AmpLag","AmpLag17","Amp_Lag1","Temp4",24.2
"930","Blue",2115,2017,"AmpLag","AmpLag17","Amp_Lag2","Temp4",24.9
"931","Blue",2083,2017,"AmpLag","AmpLag17","Amp_Lag3","Temp4",24
"932","Blue",2083,2017,"AmpLag","AmpLag17","Amp_Lag4","Temp4",23.3
"933","Green",727,2018,"NvaLib","NvaLib18","NvaLib_1","Temp5",26
"934","Green",842,2018,"NvaLib","NvaLib18","NvaLib_2","Temp5",22.8
"935","Green",828,2018,"NvaLib","NvaLib18","NvaLib_3","Temp5",22
"936","Green",828,2018,"NvaLib","NvaLib18","NvaLib_4","Temp5",26.3
"937","Green",826,2018,"NvaLib","NvaLib18","NvaLib_5","Temp5",27.3
"938","Green",825,2018,"NvaLib","NvaLib18","NvaLib_6","Temp5",19.6
"939","Green",846,2018,"NvaLib","NvaLib18","NvaLib_7","Temp5",24.2
"940","Green",824,2018,"NvaLib","NvaLib18","NvaLib_8","Temp5",20.5
"941","Green",835,2018,"NvaLib","NvaLib18","NvaLib_9","Temp5",23.8
"942","Green",828,2018,"NvaLib","NvaLib18","NvaLib_10","Temp5",26
"943","Orange",700,2018,"Palestina","Pales18","Pal_1","Temp5",20.1
"944","Orange",722,2018,"Palestina","Pales18","Pal_2","Temp5",21.8
"945","Orange",736,2018,"Palestina","Pales18","Pal_3","Temp5",20.8
"946","Orange",733,2018,"Palestina","Pales18","Pal_4","Temp5",21.3
"947","Orange",746,2018,"Palestina","Pales18","Pal_5","Temp5",22.5
"948","Orange",728,2018,"Palestina","Pales18","Pal_6","Temp5",20.9
"949","Orange",750,2018,"Palestina","Pales18","Pal_7","Temp5",21.4
"950","Orange",751,2018,"Palestina","Pales18","Pal_8","Temp5",22.1
"951","Orange",752,2018,"Palestina","Pales18","Pal_9","Temp5",22.6
"952","Orange",746,2018,"Palestina","Pales18","Pal_10","Temp5",20.9
"953","Orange",884,2018,"SalUrb","SalUrb18","SalUrb_1","Temp5",21.6
"954","Orange",883,2018,"SalUrb","SalUrb18","SalUrb_2","Temp5",21.6
"955","Orange",874,2018,"SalUrb","SalUrb18","SalUrb_3","Temp5",NA
"956","Orange",786,2018,"SalUrb","SalUrb18","SalUrb_4","Temp5",21.3
"957","Orange",804,2018,"SalUrb","SalUrb18","SalUrb_5","Temp5",NA
"958","Orange",810,2018,"SalUrb","SalUrb18","SalUrb_6","Temp5",18.5
"959","Orange",815,2018,"SalUrb","SalUrb18","SalUrb_7","Temp5",21.2
"960","Orange",812,2018,"SalUrb","SalUrb18","SalUrb_8","Temp5",20.5
"961","Orange",790,2018,"SalUrb","SalUrb18","SalUrb_9","Temp5",20
"962","Orange",891,2018,"SalUrb","SalUrb18","SalUrb_10","Temp5",19.5
"963","Yellow",1151,2018,"NBI","NBI18","NBravo_1","Temp5",17.3
"964","Yellow",1122,2018,"NBI","NBI18","NBravo_2","Temp5",23.8
"965","Yellow",1147,2018,"NBI","NBI18","NBravo_3","Temp5",18.8
"966","Yellow",1193,2018,"NBI","NBI18","NBravo_4","Temp5",21
"967","Yellow",1135,2018,"NBI","NBI18","NBravo_5","Temp5",19.7
"968","Yellow",1127,2018,"NBI","NBI18","NBravo_6","Temp5",15.5
"969","Yellow",1087,2018,"NBI","NBI18","NBravo_7","Temp5",21.5
"970","Yellow",1091,2018,"NBI","NBI18","NBravo_8","Temp5",20
"971","Yellow",1199,2018,"NBI","NBI18","NBravo_9","Temp5",20.9
"972","Yellow",1130,2018,"NBI","NBI18","NBravo_10","Temp5",21.1
"973","Yellow",1144,2018,"NBI","NBI18","NBravo_11","Temp5",20.4
"974","Yellow",1137,2018,"NBI","NBI18","NBravo_12","Temp5",20.4
"975","Yellow",1295,2018,"CINvaLib","CINvaLib18","CINvLib1","Temp5",22.3
"976","Yellow",1291,2018,"CINvaLib","CINvaLib18","CINvLib2","Temp5",25
"977","Yellow",1282,2018,"CINvaLib","CINvaLib18","CINvLib3","Temp5",23.3
"978","Yellow",1268,2018,"CINvaLib","CINvaLib18","CINvLib4","Temp5",24
"979","Yellow",1253,2018,"CINvaLib","CINvaLib18","CINvLib5","Temp5",21.6
"980","Yellow",1201,2018,"CINvaLib","CINvaLib18","CINvLib6","Temp5",22.7
"981","Yellow",1182,2018,"CINvaLib","CINvaLib18","CINvLib7","Temp5",23
"982","Yellow",1155,2018,"CINvaLib","CINvaLib18","CINvLib8","Temp5",24.1
"983","Yellow",1130,2018,"CINvaLib","CINvaLib18","CINvLib9","Temp5",23.8
"984","Yellow",1125,2018,"CINvaLib","CINvaLib18","CINvLib10","Temp5",23.7
"985","Yellow",1086,2018,"CINvaLib","CINvaLib18","CINvLib11","Temp5",23.8
"986","Yellow",1300,2018,"LaLoma","LaLoma18","LaLom_1","Temp5",18.3
"987","Yellow",1299,2018,"LaLoma","LaLoma18","LaLom_2","Temp5",18.9
"988","Yellow",1295,2018,"LaLoma","LaLoma18","LaLom_3","Temp5",18.1
"989","Yellow",1310,2018,"LaLoma","LaLoma18","LaLom_4","Temp5",20.3
"990","Yellow",1299,2018,"LaLoma","LaLoma18","LaLom_5","Temp5",18.3
"991","Yellow",1298,2018,"LaLoma","LaLoma18","LaLom_6","Temp5",18.9
"992","Red",1347,2018,"Palmas","Palm18","Palmas_1","Temp5",20.4
"993","Red",1352,2018,"Palmas","Palm18","Palmas_2","Temp5",21.2
"994","Red",1367,2018,"Palmas","Palm18","Palmas_3","Temp5",18.2
"995","Red",1358,2018,"Palmas","Palm18","Palmas_4","Temp5",20.6
"996","Red",1363,2018,"Palmas","Palm18","Palmas_5","Temp5",16.8
"997","Red",1393,2018,"Palmas","Palm18","Palmas_6","Temp5",22.7
"998","Red",1392,2018,"Palmas","Palm18","Palmas_7","Temp5",19.8
"999","Red",1390,2018,"Palmas","Palm18","Palmas_8","Temp5",21.3
"1000","Red",1389,2018,"Palmas","Palm18","Palmas_9","Temp5",19.6
"1001","Red",1403,2018,"Palmas","Palm18","Palmas_10","Temp5",20.6
"1002","Red",1393,2018,"Palmas","Palm18","Palmas_11","Temp5",22.3
"1003","Red",1433,2018,"LagLon","LagLon18","LagLon_1","Temp5",22.3
"1004","Red",1440,2018,"LagLon","LagLon18","LagLon_2","Temp5",21.9
"1005","Red",1410,2018,"LagLon","LagLon18","LagLon_3","Temp5",20.8
"1006","Red",1456,2018,"LagLon","LagLon18","LagLon_4","Temp5",21.5
"1007","Red",1454,2018,"LagLon","LagLon18","LagLon_5","Temp5",19.9
"1008","Red",1479,2018,"LagLon","LagLon18","LagLon_6","Temp5",20.2
"1009","Red",1490,2018,"LagLon","LagLon18","LagLon_7","Temp5",19.8
"1010","Red",1492,2018,"LagLon","LagLon18","LagLon_8","Temp5",20.2
"1011","Red",1523,2018,"LagLon","LagLon18","LagLon_9","Temp5",21.5
"1012","Red",1524,2018,"LagLon","LagLon18","LagLon_10","Temp5",20
"1013","Red",1518,2018,"LagLon","LagLon18","LagLon_11","Temp5",22.8
"1014","Red",1469,2018,"LagLon","LagLon18","LagLon_12","Temp5",22.8
"1015","Blue",2109,2018,"AmpLag","AmpLag18","Amp_Lag1","Temp5",20.6
"1016","Blue",2101,2018,"AmpLag","AmpLag18","Amp_Lag2","Temp5",18.9
"1017","Blue",2089,2018,"AmpLag","AmpLag18","Amp_Lag3","Temp5",19.9
"1018","Blue",2184,2018,"AmpLag","AmpLag18","Amp_Lag4","Temp5",19.9
"1019","Blue",2109,2018,"AmpLag","AmpLag18","Amp_Lag5","Temp5",20.4
"1020","Blue",2210,2018,"AmpLag","AmpLag18","Amp_Lag6","Temp5",20.6
"1021","Blue",2212,2018,"AmpLag","AmpLag18","Amp_Lag7","Temp5",19.7
"1022","Blue",2210,2018,"AmpLag","AmpLag18","Amp_Lag8","Temp5",21.3
"1023","Blue",2217,2018,"AmpLag","AmpLag18","Amp_Lag9","Temp5",20.7
"1024","Blue",2211,2018,"AmpLag","AmpLag18","Amp_Lag10","Temp5",20.1
"1025","Blue",2208,2018,"AmpLag","AmpLag18","Amp_Lag11","Temp5",20
"1026","Blue",2082,2017,"AmpLag","AmpLag17","Amp_Lag5","Temp4",25.2
"1027","Blue",2125,2017,"AmpLag","AmpLag17","Amp_Lag6","Temp4",24
"1028","Blue",2126,2017,"AmpLag","AmpLag17","Amp_Lag7","Temp4",24.8
"1029","Blue",2122,2017,"AmpLag","AmpLag17","Amp_Lag8","Temp4",19.2
"1030","Blue",2125,2017,"AmpLag","AmpLag17","Amp_Lag9","Temp4",24
"1031","Blue",2103,2017,"AmpLag","AmpLag17","Amp_Lag10","Temp4",24.6
"1032","Blue",2131,2017,"AmpLag","AmpLag17","Amp_Lag11","Temp4",24.2
"1033","Blue",2130,2017,"AmpLag","AmpLag17","Amp_Lag12","Temp4",27.3
"1034","Blue",2116,2017,"AmpLag","AmpLag17","Amp_Lag1","Temp5",24.4
"1035","Blue",2115,2017,"AmpLag","AmpLag17","Amp_Lag2","Temp5",24
